NOM_ENT,LONGITUD_DECIMAL,LATITUD_DECIMAL
CDMX,-99.0926225,19.35900389
BC,-117.0189133,32.53246083
MEX,-99.04915861,19.59906944
GTO,-101.6831997,21.12197194
PUE,-98.19749472,19.04398972
CHIH,-106.4850186,31.74646528
JAL,-103.3422222,20.67638889
JAL,-103.3889878,20.72096194
CDMX,-99.11347083,19.48294528
NL,-100.3108917,25.66469722
MEX,-99.0182,19.40876333
CHIH,-106.0763067,28.63679389
YUC,-89.62439167,20.96753722
QROO,-86.82481111,21.16141611
COAH,-100.9997211,25.42166472
AGS,-102.2960467,21.87982278
SON,-110.9584636,29.07489167
BC,-115.4755789,32.64117583
SLP,-100.9769581,22.151655
SIN,-107.3937561,24.80880806
QRO,-100.3899572,20.59339111
MEX,-99.23321806,19.47880278
CDMX,-99.19541333,19.39080611
MICH,-101.1920464,19.70338389
MEX,-98.94529917,19.4169075
TAM,-98.27812917,26.09235
COAH,-103.4530606,25.54175333
MEX,-99.19519833,19.53852333
GRO,-99.88655778,16.86186694
JAL,-103.3072222,20.63861111
NL,-100.2598972,25.677325
DGO,-104.6701944,24.02398806
CDMX,-99.16214556,19.35021389
CDMX,-99.16712611,19.288275
CHIS,-93.11519167,16.75397222
CDMX,-99.15188361,19.44164667
NL,-100.1892278,25.78129444
MEX,-99.23504083,19.54317056
MEX,-99.20928611,19.65699556
TAM,-97.5048225,25.87991528
NL,-100.3226417,25.80798611
GTO,-101.3481169,20.67280139
CDMX,-99.11370111,19.41926194
VER,-96.92264472,19.52708472
JAL,-103.2455556,20.62333333
SIN,-106.4222214,23.20031583
CDMX,-99.15785333,19.37199222
CDMX,-99.18436056,19.48410278
CDMX,-99.10491333,19.26346194
TAM,-99.50849278,27.48629139
CDMX,-99.19075444,19.40726889
NL,-100.2895861,25.75525278
VER,-96.1530275,19.19032333
CDMX,-99.09761278,19.39590139
MEX,-98.99761889,19.67830278
MEX,-98.94344861,19.278765
GTO,-100.8135731,20.52152389
NAY,-104.8937992,21.50741306
MEX,-98.88424722,19.31310444
MOR,-99.23489694,18.92178278
TAB,-92.91941611,17.9878375
TAM,-99.15125028,23.73105306
BC,-116.5951339,31.80894389
SON,-109.9327161,27.49648889
CDMX,-99.00484611,19.27056639
MEX,-99.31589806,19.625715
SLP,-100.9372742,22.18788139
NL,-100.0908806,25.646225
QROO,-87.0755,20.6281425
NL,-100.4617472,25.67436389
DGO,-103.4964169,25.57010722
MICH,-102.0627992,19.4208875
SIN,-108.9943428,25.78341694
HGO,-98.73700056,20.12235972
TAM,-97.85838667,22.21606028
PUE,-97.39199889,18.46218444
MEX,-99.10437722,19.62929889
SON,-110.9457447,31.32590306
OAX,-96.72545028,17.05999306
BCS,-110.30659,24.148745
CAMP,-90.53964917,19.84481417
CDMX,-99.24151556,19.30489806
COAH,-101.4172244,26.90124222
NL,-100.5854694,25.80049167
GRO,-99.50106278,17.55164944
JAL,-105.2272222,20.61361111
MEX,-99.65731667,19.29348806
CHIS,-92.26432,14.91107139
MEX,-99.16695,19.60828028
VER,-94.45300139,18.13788278
TAM,-97.837,22.24627861
BCS,-109.9251861,22.89701889
MEX,-98.90201222,19.41676528
CAMP,-91.83645,18.63778944
CDMX,-99.29979222,19.35735028
CHIS,-92.63756389,16.73702222
VER,-97.44356694,20.5340875
QRO,-99.99963167,20.38644139
SON,-114.7796244,32.47983111
MEX,-98.89565472,19.26113167
MOR,-99.17719833,18.88197444
COAH,-100.5284414,28.70809306
ZAC,-102.5188017,22.74678194
QROO,-88.29789889,18.49388944
TAM,-97.86633056,22.33646944
GTO,-101.1999153,20.56868056
COAH,-100.9782583,29.33000556
COL,-104.3163806,19.05320583
MEX,-99.09071583,19.6656125
MOR,-98.95526472,18.81278833
MICH,-102.2859578,19.98357944
COL,-103.7367586,19.26477639
COL,-103.7281189,19.24292222
ZAC,-102.8682294,23.17489472
YUC,-89.55805944,20.93463972
JAL,-103.3805556,20.51805556
VER,-96.93534917,18.89438389
ZAC,-102.5718364,22.77609611
SLP,-99.01872111,21.98653667
BCS,-109.6947492,23.06159139
CHIH,-106.8660444,28.40631167
MEX,-99.27961167,19.40593306
GRO,-99.53836833,18.34454917
NL,-100.4024667,25.66516944
VER,-96.11595861,19.14284917
CHIH,-105.4710467,28.19294806
SON,-109.4455461,27.0815975
MEX,-98.93731556,19.61259028
VER,-97.09891444,18.85096083
MEX,-99.17863028,19.66506139
SON,-110.8894447,27.92324861
QRO,-100.4458831,20.55243583
COAH,-100.9507819,25.54323361
CHIH,-105.6671433,26.92208778
CHIS,-92.135835,16.25246056
JAL,-103.4641667,19.70861111
JAL,-101.9291667,21.35638889
TAM,-98.09013833,25.98099639
HGO,-98.36807278,20.080605
MOR,-99.22414306,18.84527333
OAX,-96.11848167,18.08116472
MICH,-102.3552644,19.08722722
PUE,-98.30750583,19.06248417
VER,-94.54844417,17.9909775
BC,-117.0544589,32.36368417
PUE,-98.27570806,19.02945694
JAL,-102.7572222,20.8175
DGO,-103.5248494,25.53655167
PUE,-98.04491694,19.04461278
JAL,-102.7680556,20.35138889
JAL,-103.4861111,20.79833333
SON,-109.5463514,31.32781528
VER,-97.40392722,20.96429667
PUE,-98.4341675,18.90884833
MEX,-99.52972222,19.26416667
COL,-103.8737889,18.91060417
OAX,-95.02163306,16.4333075
MICH,-102.0225539,20.34145028
MICH,-100.3574861,19.43718028
SLP,-100.6441978,23.64635944
QROO,-86.95758833,20.50378417
MEX,-98.97660167,19.35838694
MICH,-102.1979808,17.96233417
GTO,-101.4262161,20.94445028
MEX,-99.13739889,19.63133278
OAX,-96.73435806,17.02728139
BC,-116.6265503,32.57267889
TAB,-93.37685556,17.98943
TAM,-97.93668694,22.39155306
GTO,-101.8585181,21.01868139
TAM,-98.97171806,22.74399917
PUE,-98.43551556,19.28290806
SIN,-108.4718175,25.56554722
OAX,-95.19215861,16.175885
NL,-100.0015944,25.59100833
NL,-100.1812078,25.63489167
COAH,-101.4494444,26.92611111
GTO,-101.1814297,20.39132222
MEX,-99.12860528,19.68554806
GTO,-100.7133814,20.90401278
MICH,-100.5551614,19.68935083
GRO,-101.5481756,17.6504575
NL,-99.56786944,24.85965278
TLAX,-98.17041583,19.11973778
GTO,-101.2536214,21.0160975
MICH,-102.7167972,20.05768389
MEX,-99.57937889,19.27140333
MEX,-99.12600528,19.66061389
GTO,-100.9637289,20.48350639
SON,-112.1483547,30.71407389
GTO,-100.9172356,21.15920028
SIN,-108.0807,25.457
JAL,-103.2266667,20.65833333
VER,-97.05384,20.07338778
VER,-95.21257083,18.44866833
MOR,-99.18324278,18.84098417
AGS,-102.3434164,21.96127278
PUE,-97.3608775,19.81799056
SON,-113.5401308,31.30678083
CHIH,-107.9121031,30.41398556
MICH,-102.3060233,19.95632194
MICH,-101.6101164,19.51359778
HGO,-98.98158417,19.84108889
TLAX,-97.92310278,19.31265972
COAH,-103.2303836,25.52813611
JAL,-102.3402778,20.70555556
GRO,-98.58213833,17.54694944
COAH,-101.1199892,27.84888833
PUE,-98.05134,20.17469778
SLP,-99.9929225,21.93237806
GTO,-100.7193264,20.03538028
YUC,-88.20098,20.68972556
MEX,-99.24054861,19.84128611
YUC,-89.74828333,20.88189
OAX,-97.77623583,17.80683722
CHIS,-93.01595917,16.70795806
VER,-96.96027417,19.45466056
VER,-97.32274917,20.4467325
MICH,-101.7928597,19.81861861
NL,-99.82695833,25.18925278
JAL,-102.3327778,21.24777778
NL,-100.4304808,25.78147556
TLAX,-98.19296139,19.31398
MEX,-99.10063389,19.79712306
MEX,-99.183065,19.74546556
YUC,-88.15226611,21.14352306
GTO,-101.8780992,21.02957917
GTO,-101.1780511,20.14101167
JAL,-104.3652778,19.77138889
GTO,-100.5151256,21.29881611
CHIS,-91.98103333,17.50913333
GRO,-99.60459472,18.55738194
MICH,-102.4746789,19.58897417
PUE,-98.46540639,18.60223111
COAH,-102.9831569,25.75777778
JAL,-103.4683333,20.54805556
MEX,-98.86315333,19.30308222
CHIS,-93.72042806,16.69868222
VER,-94.91387083,17.9488225
TAM,-97.81245417,25.67379972
NAY,-104.8997356,21.44368722
NL,-100.0536778,25.78325833
MEX,-99.65721556,19.35743222
VER,-94.5709025,18.01278556
CHIS,-92.09582667,16.90803833
TLAX,-98.14061167,19.41633472
NL,-100.1443361,25.61106111
VER,-96.36031472,18.44744889
PUE,-98.30065556,19.05094389
VER,-94.09027611,17.90932583
ZAC,-102.9899236,22.64940333
OAX,-96.69467722,17.06411806
TLAX,-98.24022639,19.21615
OAX,-95.23204917,16.33205833
MEX,-99.14345833,19.71041389
MOR,-99.06075417,18.88606167
HGO,-98.420595,21.13921194
JAL,-103.4430556,20.47361111
GTO,-100.9940372,20.64320028
BCS,-111.6733394,25.03463556
GTO,-101.7250439,20.43179472
CHIS,-93.3756525,16.76146194
TAB,-93.22501722,18.26604806
NL,-100.1530111,25.4271
JAL,-103.3211111,20.57638889
VER,-97.24407194,19.56065333
MEX,-99.63657556,19.33690667
CHIH,-105.1716203,27.6949625
YUC,-89.663595,21.28257722
GTO,-101.1892086,20.13187028
MEX,-98.94675222,19.34032194
MEX,-98.84404583,19.293205
VER,-97.139525,18.838865
VER,-98.18130528,22.0536125
NL,-100.4402892,25.79123389
PUE,-97.95814361,20.27605861
CDMX,-99.14139833,19.20135861
JAL,-103.7027778,20.6525
NL,-100.1027722,25.71027528
MEX,-99.22351444,19.71377806
NL,-100.1681472,25.89815278
NL,-100.4830392,25.79554722
MICH,-102.2110286,18.01954639
SON,-111.4803806,28.84008056
MICH,-100.4416672,19.89167361
JAL,-103.4256133,20.8496325
JAL,-103.235,20.50555556
QRO,-100.4583578,20.7100075
PUE,-97.96024444,19.932365
SON,-109.9305275,27.58067556
JAL,-105.1997222,20.71444444
COAH,-101.2169778,27.93390278
COAH,-101.5165178,27.87754972
SON,-110.8159933,27.95760583
JAL,-102.5419444,20.29027778
NAY,-105.2511689,20.74836028
ZAC,-102.7022625,22.94903722
SON,-110.3016714,30.98265278
CHIS,-93.75178333,16.09135556
JAL,-104.0430556,20.54861111
TLAX,-98.57047556,19.58852583
HGO,-99.21877361,20.48486778
CHIS,-93.2677075,16.23548583
MEX,-99.20798028,19.7755075
CDMX,-99.20396722,19.21796944
JAL,-103.4175081,20.49244222
VER,-96.22986694,19.16769417
PUE,-98.27331,19.08934694
HGO,-99.34181417,19.90521722
SLP,-100.0110222,21.94351194
CHIS,-93.27327139,16.80032083
VER,-97.21252972,19.96265222
CAMP,-90.72389111,19.35621861
MEX,-98.88148444,19.51343972
NAY,-105.2317006,20.75990667
GTO,-100.88136,20.2161175
MEX,-99.62434667,19.31277778
YUC,-89.53444667,20.39834
CHIH,-104.9229767,27.13054917
PUE,-98.25442417,19.09796528
ZAC,-103.0343317,23.82743417
QRO,-99.88384,20.5188175
TAB,-91.42594778,17.47749417
VER,-96.15701194,19.10299167
VER,-97.18471722,18.80424083
COAH,-102.1841689,25.43738056
MEX,-98.97055167,19.68561611
MEX,-98.84139917,19.26042583
VER,-97.46078194,20.48236333
VER,-94.14723889,18.13827222
SIN,-105.7778758,22.83505139
GRO,-99.17768167,17.59423222
OAX,-98.0503475,16.33900917
MEX,-98.76981056,19.128685
NL,-100.1811472,26.49836944
SIN,-107.5407783,24.65737
VER,-96.96734972,19.14697139
QROO,-87.46320472,20.21077667
BC,-116.7411658,32.50637806
JAL,-103.0641667,20.6225
VER,-98.22991944,21.35181417
GTO,-101.2836242,21.00366639
MEX,-99.51181694,19.28537333
NL,-100.1065611,25.82046944
MEX,-99.6271825,19.27925861
MEX,-98.85946139,19.34371861
GTO,-101.2159447,21.47933583
MEX,-99.7350375,19.28490639
COAH,-103.2730556,25.775
MICH,-101.5152003,20.08866528
MICH,-102.0867342,19.02880472
MEX,-99.59454139,19.31353806
HGO,-98.94290056,20.26908583
CHIS,-92.46581778,15.13828861
AGS,-102.2765417,22.14920167
AGS,-102.3230686,22.22923306
VER,-94.72173472,17.96606806
HGO,-98.58190333,19.77270583
PUE,-97.25830444,18.37753667
MEX,-99.58586028,19.301545
QRO,-100.4703181,20.61715917
PUE,-97.78545972,18.979455
TAB,-92.93134694,18.05102528
OAX,-95.87997611,18.10987111
TAB,-92.59407056,17.75643139
CAMP,-90.73200083,18.60431472
PUE,-97.72841611,18.88469167
MEX,-98.95557361,19.3710325
GTO,-100.6882169,20.54528417
JAL,-103.8356467,20.87943944
MEX,-100.1534028,18.90569639
MEX,-99.169195,19.64751333
JAL,-103.3338889,20.5475
NL,-100.3172514,25.85353361
SIN,-107.6967603,24.76721889
QROO,-88.04658667,19.57851
MICH,-101.4573281,19.23553667
JAL,-103.3722222,19.55444444
SON,-110.9694044,30.63035556
TLAX,-98.16790639,19.33451778
MEX,-99.29522222,19.37709
SON,-109.6441533,26.82689694
NL,-100.1829583,25.92900556
VER,-96.85273611,19.92863444
NL,-100.1681083,25.95206944
MEX,-99.60449167,19.25242
VER,-97.06306722,18.85106639
DGO,-105.420945,25.03907972
NL,-100.3597033,25.85251389
OAX,-97.07129639,15.86250167
MEX,-99.73448083,19.29888639
QRO,-100.3820889,20.65491972
PUE,-98.40813111,19.15899417
HGO,-98.65362694,20.64518139
JAL,-103.3022222,20.56444444
PUE,-98.40510833,19.24439139
HGO,-99.34318889,20.05521972
NL,-100.0737394,25.60654611
OAX,-96.59652417,16.3284775
PUE,-97.90543444,18.96613278
VER,-95.79635861,18.36477389
MEX,-99.45569528,19.26928083
TAB,-92.95299444,17.54828444
MEX,-99.59318583,19.27936444
CHIS,-93.14710806,17.86581194
GTO,-101.5283606,20.4509
NL,-100.0083239,25.2869
HGO,-98.45194444,19.71
JAL,-103.4308547,20.53188417
JAL,-102.5041667,20.55055556
TLAX,-98.20458639,19.1698525
VER,-95.11233917,18.42461472
OAX,-96.77926111,17.10286556
YUC,-89.28838806,20.20346472
YUC,-89.87705167,21.01615417
JAL,-103.3830889,20.53124417
GTO,-100.6216264,20.45717139
SIN,-107.3895722,24.590405
TAM,-98.15962083,24.84867806
JAL,-103.5972222,19.88361111
GTO,-100.9965028,20.51137167
VER,-94.41117583,18.07214139
CDMX,-98.99559667,19.24089611
BC,-116.5714906,31.72355083
GRO,-99.52593667,17.65319722
JAL,-103.1816667,20.51944444
JAL,-102.2330556,21.52444444
CHIS,-92.24774444,15.36316722
CDMX,-98.99371778,19.21753722
HGO,-99.21379806,20.22938
MEX,-99.59226083,19.35880167
GRO,-98.40442139,16.68508917
GTO,-100.3857203,21.00082194
COAH,-101.4305556,26.78527778
MEX,-98.97614917,19.3451575
MICH,-102.2275453,17.99434861
JAL,-103.4125,19.62555556
TAB,-93.39076917,17.83517444
MEX,-99.69216139,19.26770194
COAH,-100.7675536,28.42187472
MICH,-102.2824253,20.34108889
DGO,-105.3601919,23.77815056
PUE,-98.25831333,19.15273889
ZAC,-101.9865639,22.27218667
VER,-97.67553139,20.9171425
YUC,-89.41875167,20.3019325
HGO,-98.95958167,19.87411556
YUC,-89.28392472,21.09555056
CDMX,-99.32568167,19.33100472
OAX,-95.0987125,16.56769833
NL,-100.2429689,25.91274306
JAL,-102.3980556,21.03055556
MEX,-98.89530694,19.55272222
GRO,-100.6682408,18.36227278
GTO,-101.1309333,20.21274333
MEX,-99.14891306,19.91027667
VER,-95.52762806,18.02751389
TAB,-93.21423694,18.39577
NAY,-104.3689111,21.03505528
PUE,-97.44849583,18.98826
CHIS,-93.89947333,16.236065
SIN,-108.6385864,25.66433083
GRO,-99.86957278,18.37180917
ZAC,-103.6413422,23.63137778
GRO,-99.39827139,17.56672417
JAL,-102.4611111,21.16861111
GTO,-101.5171172,20.871215
MICH,-102.7185633,19.98971917
MEX,-99.591575,19.10376083
JAL,-102.5702778,21.43444444
MEX,-98.86862778,19.68547944
SLP,-98.37780333,22.21233917
OAX,-96.69928417,17.03131333
JAL,-103.1897222,20.29333333
TLAX,-98.22852639,19.31739556
CHIS,-91.98156833,16.31594722
MEX,-99.62731528,19.27252861
NAY,-105.2825803,20.72852306
SLP,-98.7915175,21.26273778
GTO,-100.7612022,20.7200475
MEX,-100.1316069,19.19439472
VER,-94.552425,18.15218667
MOR,-99.24489472,18.68657278
HGO,-99.22705417,19.89696944
MICH,-100.8997247,18.62642583
JAL,-103.3368369,20.50764
JAL,-103.44,20.55055556
COAH,-101.5500286,27.06025722
GRO,-101.2745519,17.53820667
VER,-94.39675389,18.15581167
MEX,-99.61910889,19.24536444
MEX,-99.87425389,19.80002861
CHIH,-105.4802911,28.26779667
TAB,-92.65218722,18.53011083
MEX,-99.53039583,19.40441917
TAB,-92.93287111,17.85294472
PUE,-98.03097528,19.83822333
QROO,-87.23519139,20.51278194
VER,-96.94088444,19.59160667
JAL,-104.2155556,19.8075
HGO,-98.71945389,20.06483167
MEX,-99.60510583,19.32671667
CHIH,-105.9112925,28.83838056
GRO,-100.2839519,18.315825
VER,-94.63569417,17.998595
MEX,-99.68686972,19.29252111
NL,-100.1433942,25.85464889
TAB,-91.76508139,17.74458222
NL,-100.2148556,25.79626389
SIN,-108.8208392,25.75512667
MEX,-99.5724975,19.31241194
MEX,-98.75615167,19.2096875
ZAC,-102.2529339,22.57196667
GRO,-100.4331294,17.21273889
QRO,-100.4473497,20.74217778
CHIH,-104.4156647,29.56450056
HGO,-98.72123444,20.04521361
NAY,-105.2980872,21.94479028
MOR,-99.23146278,18.78186556
JAL,-103.2761111,20.55861111
GTO,-101.063975,20.37651667
CHIS,-92.14105,15.66016389
MEX,-98.92497833,19.37915111
VER,-97.24552611,19.76614889
VER,-97.00723278,19.42126944
MEX,-98.9821925,19.77324556
QRO,-100.2900819,20.62874444
YUC,-88.92398528,20.12591833
VER,-96.99934556,18.90366306
COAH,-100.8541667,28.34722222
MOR,-99.19427889,18.65540806
QRO,-100.3994356,20.554775
VER,-97.74231861,21.19146667
PUE,-97.29917972,18.36676694
NL,-100.3080336,25.86437444
VER,-97.16255639,18.82253722
MEX,-99.46440833,19.19312333
JAL,-103.2788889,20.54138889
MICH,-102.0484675,19.64729667
CHIS,-92.36958056,16.36413194
NL,-100.2211167,25.82279167
AGS,-102.7187506,21.84690722
TAB,-93.17430028,18.06536333
MOR,-99.20958861,18.86658583
VER,-96.21088,19.1902175
VER,-95.76392917,18.7742775
MEX,-99.6630375,19.24918389
HGO,-98.93569861,19.87332444
MEX,-98.96168361,19.76151278
MEX,-99.14726278,19.81042583
HGO,-98.30973806,20.03547
JAL,-103.3697222,20.54555556
MOR,-99.32370139,18.616875
JAL,-103.2047222,20.505
VER,-97.44163333,20.95379639
JAL,-103.5652778,20.22861111
NAY,-104.9005972,21.23752972
JAL,-103.4252778,20.28444444
PUE,-98.26732,19.07183667
VER,-96.37138944,19.36683028
JAL,-103.2705556,20.47861111
CHIS,-92.47259722,16.54151389
CHIH,-105.8874739,28.59450333
NAY,-105.3601842,22.4893875
QRO,-100.4152225,20.55255167
MEX,-98.9133475,19.55933917
QROO,-86.84748083,21.08811833
MEX,-99.67050083,19.22387889
SIN,-106.8927117,23.91540389
PUE,-98.46599306,19.28933389
PUE,-97.64274972,19.13474528
CHIS,-93.10479389,16.62195806
MEX,-99.14560889,19.61441806
PUE,-98.04860583,18.20230139
MEX,-99.67582278,18.84460556
VER,-97.68625167,21.3469025
CHIS,-92.89160583,15.44113417
OAX,-96.135075,15.76475889
QROO,-86.87617722,20.8484525
PUE,-97.81310361,18.94678833
TLAX,-98.19235139,19.24439444
JAL,-103.25,19.67638889
CHIS,-92.16811028,14.98978861
MOR,-98.86814361,18.88341972
MOR,-98.75407861,18.50240639
BC,-115.1030658,32.28849833
TLAX,-98.19496167,19.277355
QRO,-100.3424717,20.65284778
CHIS,-92.33394417,17.17391
OAX,-97.68049167,17.26746972
BC,-115.9319467,30.52598056
AGS,-102.2726783,22.07239306
JAL,-104.5629978,19.23834333
MEX,-99.06764528,19.70656556
MEX,-98.90916111,19.21729472
MEX,-98.96156639,19.60229472
MEX,-99.00014528,19.65836417
DGO,-104.12366,24.44643333
JAL,-102.7097169,20.29449972
TAM,-99.02610917,26.40101778
SLP,-101.715735,22.628015
MEX,-98.79538944,19.03917694
PUE,-97.96661694,19.07730222
MOR,-99.16266222,18.63003
PUE,-98.23579278,19.14296194
MEX,-98.9671425,19.71020722
GRO,-99.09738389,16.96528694
CHIS,-93.20931694,15.69167361
CDMX,-99.02337194,19.19124944
MEX,-99.62563861,19.35578028
PUE,-97.68772611,19.4647325
MICH,-101.7093939,19.20780722
NAY,-105.2060444,21.80833583
TLAX,-98.11920111,19.61488944
TAB,-92.86249278,18.13536694
DGO,-103.9877778,23.73111111
VER,-95.74475972,18.37173444
PUE,-97.24541306,18.33326833
MEX,-98.90850361,19.5903125
ZAC,-103.3058133,21.78304167
PUE,-98.38214361,19.21000694
YUC,-89.01971472,20.9329975
JAL,-103.3080556,20.43027778
MOR,-99.18104361,18.61656639
MEX,-98.88091556,19.10191194
VER,-95.52322194,18.62819972
HGO,-99.18935889,20.24819528
CDMX,-99.07314917,19.187285
MEX,-99.77375778,19.27673611
MICH,-102.4161883,19.52072694
COAH,-101.4241111,27.89025806
HGO,-98.78939028,20.02040889
GRO,-99.33430306,18.30598
OAX,-95.04214944,16.87788944
YUC,-87.93732806,20.65501639
CHIS,-92.15094222,14.67945222
TLAX,-98.10405222,19.44141556
HGO,-98.35700639,20.03919306
CHIH,-107.0693617,26.8191525
PUE,-97.63485278,18.90271667
HGO,-99.31722222,20.05722222
MICH,-102.8437078,19.19136667
NL,-100.4024678,25.81853611
MEX,-99.76839528,19.29339694
PUE,-98.10403222,19.08732278
TLAX,-98.23626778,19.27818361
MOR,-99.1795125,18.69915528
JAL,-103.3983333,20.50416667
BC,-114.8389014,31.02292028
MEX,-99.41373611,19.18438667
SIN,-105.8537567,22.99087417
MEX,-99.56933583,19.16409944
ZAC,-102.3660378,22.73538917
JAL,-103.975,20.70055556
SIN,-106.2199639,23.18864278
MICH,-100.8275831,19.86027472
JAL,-103.9761111,20.90638889
VER,-96.22873583,19.2126
CDMX,-99.08995417,19.19198833
MICH,-101.9548161,19.68765167
OAX,-96.76256167,17.10080667
ZAC,-102.847165,21.36325333
PUE,-98.30807361,19.13110222
QRO,-99.89840556,20.665295
OAX,-96.75058833,16.95071778
VER,-96.13479694,18.24092194
MICH,-101.6397978,19.40608472
MOR,-99.15392083,18.88468806
MICH,-102.1298797,19.41664389
MEX,-99.34901639,19.62275583
TAB,-93.06259667,18.1768475
OAX,-96.67506444,16.79164056
JAL,-103.1422283,20.56745667
MEX,-99.0803375,19.73986639
SLP,-98.77516083,22.00414667
JAL,-103.8241667,20.3675
QRO,-100.4507647,20.52800639
GRO,-100.6323778,17.22260861
PUE,-97.44185333,18.55315528
NL,-100.1324361,27.24064722
HGO,-98.55366167,19.78567389
VER,-97.04642056,19.07289833
JAL,-103.0391667,20.15861111
BCS,-111.3433333,26.01277778
VER,-97.051625,20.05597639
JAL,-103.4405556,20.58166667
NAY,-105.3394508,20.75621972
CHIS,-92.56513528,16.33961722
GTO,-101.9527903,20.72751806
MEX,-99.16376806,19.68816917
NL,-100.4468944,25.97565
MEX,-98.83364944,19.2733475
CAMP,-90.05073944,20.37122611
PUE,-98.28488889,19.13368694
OAX,-96.70145861,16.93309667
OAX,-97.22519861,17.45893639
VER,-97.30868167,19.80596611
OAX,-96.78059111,16.99600139
VER,-95.30175361,18.46564278
SLP,-100.2795967,22.42766611
VER,-94.54547111,18.15292
JAL,-102.5922222,20.82694444
MEX,-99.32599639,19.41764083
JAL,-102.5852778,21.67444444
VER,-97.10946444,18.88272694
MEX,-98.85376139,19.27378833
COAH,-100.8496225,25.45062056
JAL,-103.6913889,20.71083333
QRO,-99.81563306,20.69502333
VER,-95.40135389,17.99400361
MEX,-99.46017583,19.32710139
GTO,-101.2757914,20.96659083
VER,-97.84080972,22.20423472
QRO,-100.4283322,20.76317278
MEX,-99.07080389,19.66237389
VER,-97.70373861,20.20024639
MICH,-102.2084533,19.88823444
OAX,-97.43777361,16.01371944
COL,-103.9649972,18.93707278
SLP,-99.642505,22.00090444
MEX,-99.09087444,19.83428944
VER,-97.537945,20.71667222
GTO,-101.6703858,20.62647833
OAX,-96.479215,16.95562389
ZAC,-102.9758342,21.63223917
JAL,-103.1858056,20.42137222
MICH,-101.5240036,19.66378611
CHIS,-93.1177675,17.50855083
MEX,-99.2057575,19.88858528
MEX,-99.17416278,19.97532472
MEX,-98.81869528,19.25596806
JAL,-103.2647222,22.11722222
VER,-94.96010889,17.88096944
VER,-96.19983111,19.15226
PUE,-98.10432167,19.1499225
GTO,-100.4953917,20.56052806
MICH,-101.2401817,19.64933333
CHIH,-107.9959494,31.09217611
MEX,-99.51313861,19.26649028
ZAC,-103.3935903,24.29048111
CHIS,-92.80750833,16.55167361
GTO,-100.7490261,20.57353694
MEX,-98.81970806,19.029515
COL,-103.8109169,19.20141
PUE,-98.36590667,19.12244139
ZAC,-103.4514494,24.29444639
MEX,-99.00788306,19.81422444
MEX,-98.86421278,19.29576694
SIN,-107.3629442,24.32297556
CHIH,-108.1413889,29.19
HGO,-99.38311306,20.73806889
MEX,-99.08463389,19.83056944
MOR,-99.10122694,18.98645722
JAL,-104.0783333,20.76722222
HGO,-99.22159333,20.09161444
NAY,-105.1450567,21.95025278
JAL,-102.9241667,20.38138889
SIN,-108.7181408,25.70457972
CHIS,-92.71520833,17.14082611
JAL,-103.4677778,20.5275
MEX,-99.74149056,19.590445
VER,-96.72451111,18.972155
JAL,-102.1808333,21.00972222
MEX,-98.80255361,19.20590333
JAL,-102.8872222,21.1825
JAL,-101.5933333,21.86416667
NAY,-105.1352628,21.17522444
TAB,-92.53014222,17.83319667
VER,-97.85521833,22.20167917
BCS,-112.2682747,27.33686833
SLP,-100.7371089,21.80043861
TAM,-98.07371306,22.91930611
NL,-100.2647633,25.87589917
VER,-96.72232278,18.81453944
VER,-96.79684778,18.89139917
MEX,-98.83452444,19.70484333
PUE,-97.77178944,18.92060972
MEX,-99.75628056,19.24637361
OAX,-96.78563306,16.86668611
CHIS,-92.89021889,16.99638333
TLAX,-98.23372222,19.17503389
SON,-110.033485,27.35600111
MOR,-99.12547833,18.89088167
SLP,-101.1133522,23.12981833
MEX,-100.0040806,19.91591139
MICH,-102.7058219,19.81028528
OAX,-96.46523028,15.74634083
MEX,-99.49868417,19.19937194
JAL,-103.4516667,20.81777778
MEX,-99.59384167,18.96183028
TLAX,-97.65915917,19.32458611
VER,-94.89694389,17.92818528
GTO,-100.7489231,20.67174222
VER,-94.68305556,18.01777778
VER,-97.08756583,20.45193222
YUC,-90.00064028,20.58505944
QRO,-99.47291083,21.21680222
OAX,-94.82893889,16.47282389
YUC,-89.52128389,21.07389389
TAB,-91.53384611,17.800395
PUE,-97.952715,19.10494028
CDMX,-99.00628694,19.19944833
CDMX,-98.96494444,19.22477861
BC,-115.9892858,30.73202389
HGO,-99.33688,20.02812028
GRO,-100.0893672,17.00900167
MICH,-102.0067406,19.90996306
MEX,-99.65760583,19.314875
JAL,-102.3283333,20.52805556
JAL,-102.7892175,20.54361361
MICH,-103.1595547,18.77709889
GRO,-101.6009969,17.66103472
MEX,-99.70458806,19.25330944
VER,-96.87456694,19.50435556
VER,-96.42328917,19.04474583
MEX,-98.87406083,19.45031778
PUE,-97.34798167,18.32627333
GRO,-99.39004639,16.79734361
ZAC,-102.8837261,22.35425861
NAY,-105.4560339,22.39504111
BCS,-114.0530211,27.97183306
ZAC,-103.5672333,22.77190028
TLAX,-98.23764028,19.31655278
MEX,-99.65107083,19.30669944
MEX,-98.9066975,19.52176278
GRO,-99.12378722,16.72388056
MOR,-98.92325056,18.81284111
MOR,-98.84435667,18.59473639
TLAX,-98.5363425,19.49316
MEX,-99.83597139,19.66878833
QRO,-100.1447303,20.50249361
MEX,-99.60615361,19.36647944
QRO,-100.3496839,20.6511075
PUE,-97.70282194,20.4631175
QROO,-88.71051528,19.74939278
SLP,-100.8447747,22.114715
MEX,-99.64344917,19.23782139
PUE,-98.42773028,19.05094667
JAL,-103.3066667,19.46944444
JAL,-103.4653947,20.77547889
VER,-95.44272528,18.59548167
CAMP,-90.05682778,20.32074083
VER,-97.27830389,18.81040083
OAX,-96.68401722,17.0587
QROO,-86.74609167,21.25656917
SON,-109.8425733,27.12781
MEX,-98.96050889,19.20714361
OAX,-95.22754583,16.32632194
NL,-100.2915056,25.95956667
MEX,-99.61866528,19.163225
JAL,-103.3619083,20.52446333
JAL,-102.9052778,20.77944444
MOR,-98.96259889,18.79217944
MEX,-99.09717861,19.55232361
SON,-109.6864703,30.3737225
GTO,-101.1296914,20.52881861
TLAX,-98.20253,19.14775778
MEX,-99.55858944,19.41620639
MEX,-99.56467417,19.17382306
DGO,-105.0742053,24.88831333
SIN,-108.6199664,26.42159889
MICH,-102.3293122,18.03848806
PUE,-98.1192,19.0422425
SLP,-100.7266061,23.81933167
CHIS,-92.89732222,17.15756806
MEX,-99.09403139,19.75222111
MEX,-99.63069361,19.22673056
MEX,-99.30473472,19.38552472
MEX,-99.46743889,19.18121417
OAX,-97.92815278,17.02620528
MEX,-99.53282861,19.95283444
PUE,-97.38958972,19.81391194
AGS,-102.2909169,21.99887333
TLAX,-98.1055275,19.37995639
YUC,-89.7133775,20.48395333
GRO,-99.45514972,17.48616556
QROO,-88.38935278,18.67614667
PUE,-97.66044861,18.95506333
VER,-98.38812528,21.52228056
GRO,-99.67734056,17.66080194
OAX,-96.84616167,18.13037722
MEX,-98.78266639,19.03086083
OAX,-96.90441333,17.29659556
MEX,-98.93435056,19.36765444
JAL,-103.6938889,20.77611111
MICH,-102.4736461,20.273115
GTO,-100.7559419,20.28854056
MEX,-99.01777611,19.782425
MEX,-99.74437889,19.27136944
MEX,-99.04567972,19.81307028
SON,-111.1210858,30.54389056
HGO,-98.8867775,20.11566083
MEX,-98.87152972,19.47861611
YUC,-88.3068225,21.0110525
MICH,-102.053965,19.15980389
MEX,-99.20978833,19.88114667
MICH,-102.5878908,19.21173528
GRO,-99.52204694,17.16900444
JAL,-103.5027778,20.48055556
JAL,-103.73,20.835
MOR,-98.73006556,18.893525
AGS,-102.2497353,21.9559775
QRO,-100.4883456,20.53541333
MEX,-99.35578222,19.63419472
TAM,-98.32147111,22.7289925
HGO,-99.23159639,20.06061222
TAM,-98.59028194,26.23396667
PUE,-98.30969889,19.16830278
VER,-96.96527389,18.90496722
YUC,-89.34682556,20.26705278
SLP,-100.9324858,21.80312444
CHIS,-91.260955,16.81739694
NL,-100.2678339,25.89134667
MEX,-98.95270278,19.38153222
CHIS,-93.00671111,16.36622778
DGO,-104.7783736,24.52726333
YUC,-89.45354667,20.81242167
MEX,-98.84781611,19.31143833
YUC,-89.39505139,21.0024825
MICH,-102.6523611,20.11597417
CHIS,-92.72507972,15.87264444
VER,-97.0332375,19.01087111
CHIS,-93.20628472,16.87171194
VER,-96.85446083,19.49591583
SIN,-109.1746978,25.92054972
MEX,-98.90284667,19.43253333
TAB,-92.85899167,18.14344806
TLAX,-98.04882306,19.40418028
PUE,-97.34269556,19.28978639
VER,-97.47453861,20.54749611
PUE,-97.73579806,18.91396472
NL,-100.1822556,23.67469167
MOR,-99.25340583,18.82602944
MICH,-101.9171369,19.65407333
PUE,-98.60278111,18.29965111
MEX,-99.20413806,19.83362167
JAL,-103.4186139,20.45716944
MEX,-99.7289425,19.33985944
TLAX,-98.16355028,19.26007833
YUC,-89.55699639,21.04294167
PUE,-98.60732861,18.51189111
CDMX,-98.99780083,19.17591056
PUE,-98.25236333,18.90325694
CDMX,-98.96857861,19.30896139
HGO,-98.98751667,19.86205611
JAL,-102.135,20.4475
CHIS,-93.65047528,16.66772139
DGO,-103.6984619,24.87093944
NL,-100.3641222,25.93222778
VER,-96.18290139,19.12753333
TLAX,-98.19067944,19.17972583
PUE,-98.49816333,19.32442722
CHIS,-93.26768361,16.18475111
JAL,-104.4347222,19.60361111
QRO,-100.3219186,20.67524583
DGO,-104.0441361,23.97509222
PUE,-97.93986694,19.11214972
JAL,-103.1860694,20.55128611
MEX,-99.74013833,19.37018778
PUE,-97.5556475,19.771435
TLAX,-98.10553,19.15654278
SON,-112.8572769,31.86639583
JAL,-103.2580556,20.29944444
SLP,-100.7309667,22.035605
CAMP,-90.13451722,20.17696611
OAX,-96.64841694,17.07448444
JAL,-103.2483333,20.49527778
BC,-116.6987031,31.89622056
QRO,-100.3310967,20.60656972
HGO,-99.08889361,20.24518556
MOR,-99.20794,18.64249111
TAM,-98.20619,23.76703861
MICH,-101.6073403,19.41222944
QRO,-100.4484322,20.5981575
NL,-100.2272639,25.80065556
MEX,-99.42274917,19.18711972
MEX,-99.49361722,19.41790194
PUE,-97.61935083,19.3758025
BC,-116.062415,30.84303306
QRO,-100.2385075,20.60321111
GRO,-98.41674472,16.47198556
VER,-98.37414528,21.27319778
MOR,-98.98512944,18.7780125
JAL,-103.3944444,20.49277778
OAX,-96.73190056,16.56427556
MEX,-99.28567,19.68431583
COAH,-100.9176217,28.48704306
HGO,-98.67153,20.14049111
VER,-96.16052333,19.07478472
MEX,-99.19315083,19.83323028
MEX,-98.92980111,19.20907806
CAMP,-91.04629361,18.18345056
JAL,-103.5872222,20.42138889
NAY,-105.1912589,20.81378139
MICH,-102.4328006,19.953995
OAX,-96.68762444,17.04786528
SLP,-99.32250944,22.52203611
CHIS,-92.05046944,16.11905944
OAX,-94.19582389,16.28760889
MICH,-102.2900625,18.35569389
GTO,-100.7549506,20.42317
HGO,-98.84230611,20.03051722
YUC,-89.33309472,20.53349333
MEX,-99.54750889,19.24302917
TAM,-98.42596889,22.82732889
MICH,-102.5655133,20.11689389
MICH,-101.1395842,19.96821361
SIN,-107.6536036,24.81783139
TAM,-99.71299778,22.99687694
SON,-108.9349258,27.02405
PUE,-97.80455083,19.22538417
TAB,-93.02004278,18.16885722
PUE,-98.29087333,18.96475167
SLP,-99.60057361,22.39984611
NAY,-105.2860464,21.54173806
VER,-96.96507889,18.87964889
BCS,-113.3881756,27.64381
PUE,-97.48678222,18.54861861
VER,-96.91548389,18.84757833
JAL,-103.2576972,20.47363111
YUC,-89.05033028,20.07193167
MEX,-99.48794194,19.17675778
VER,-96.21094361,19.20244583
MICH,-102.2862503,18.01959306
MEX,-99.58685389,19.21110944
MEX,-98.93888083,19.37192861
NL,-100.1639639,25.91698611
MEX,-98.88134889,19.54865194
CHIH,-105.2880322,28.03267444
MEX,-99.48884167,19.15938639
MEX,-99.25348694,19.70329167
MOR,-99.11817889,18.68296222
CHIH,-107.6002778,27.97
VER,-97.91238,22.22567417
MEX,-99.35169167,19.36018
TAB,-93.33308528,18.28212778
MEX,-98.81179583,19.22343639
NL,-100.4712803,25.78926639
OAX,-97.04180778,15.83786056
PUE,-97.87501417,18.93723722
CHIS,-92.65855833,15.31926944
CHIS,-92.03859361,16.73592028
OAX,-98.01244944,17.33529028
NAY,-105.249545,21.04060389
VER,-96.97217694,19.38625056
MEX,-99.04377806,19.97775861
GTO,-100.7610103,20.62412806
MEX,-99.06754194,19.79459056
PUE,-98.12855278,19.10278833
JAL,-102.5361111,20.74305556
MEX,-99.03893306,19.8153
CHIH,-106.5124153,30.61773389
PUE,-97.60498611,18.67155806
OAX,-96.32209306,15.83611139
PUE,-98.38953889,19.17814111
PUE,-97.61546972,18.87369167
MICH,-103.0215042,19.99023806
OAX,-96.80199556,17.12935861
VER,-94.64241361,17.9557475
MICH,-102.4646606,19.84474861
VER,-94.3937275,18.02275361
TAB,-92.92422583,17.87741639
TLAX,-98.16956944,19.35028583
COAH,-102.0671011,26.98686361
OAX,-97.81968222,16.27945833
MEX,-98.84804639,19.38512611
CHIS,-92.33491667,16.78611944
VER,-94.66658944,17.99950333
QRO,-100.33392,20.595175
MEX,-98.92197833,19.36840278
MEX,-99.64199972,18.96170861
SIN,-108.3223519,26.70701083
TAM,-98.94567722,22.99677167
HGO,-98.73416,20.06813056
VER,-97.0734375,18.81052167
MEX,-98.86195194,19.23085556
PUE,-97.98815222,19.1173825
TAM,-97.95213639,26.05349917
MICH,-102.2066461,19.01554694
MICH,-102.7088256,19.16092806
JAL,-105.2430342,20.70053056
VER,-97.11898167,18.87154417
CHIH,-106.7441667,28.48
YUC,-90.08222889,20.47774583
NL,-100.0963117,25.799465
MOR,-98.98126861,18.88560806
VER,-97.08858111,18.82649139
BC,-116.7301181,32.40307528
VER,-94.69178472,18.26174361
VER,-97.08390472,18.90696778
DGO,-103.6244644,25.88974472
TLAX,-98.16411833,19.41978889
NL,-100.1414558,25.74311611
JAL,-104.8180556,20.38138889
MEX,-99.15603583,19.71769111
ZAC,-102.4113719,22.82473444
BC,-116.7945678,32.50227917
TLAX,-97.76937528,19.29666056
TAB,-92.99073278,18.01865222
TAB,-92.91752806,17.91192278
CHIS,-90.65330194,16.51582806
YUC,-89.47430222,20.74172611
VER,-96.10665139,19.10543889
HGO,-98.95763444,19.85996389
NL,-100.1082472,25.89697778
COL,-103.5736792,19.3869475
MEX,-98.75769417,19.69985361
VER,-97.10337778,19.63847972
MEX,-98.94813472,19.35153306
CHIS,-93.16469028,16.13403667
MEX,-99.33932111,19.441335
MICH,-102.3448581,20.02617889
PUE,-97.65353972,18.6827675
CHIS,-93.11848944,16.71406056
SIN,-106.0686108,23.28762556
MEX,-99.05900194,19.80392972
HGO,-99.65118056,20.37531306
JAL,-105.2452725,19.941525
CHIH,-105.6248611,28.39008556
SON,-109.6252778,26.91083333
MEX,-99.0594875,19.87051333
MICH,-101.1955978,19.76249472
PUE,-97.51114861,18.81717528
MEX,-99.48670278,19.26495083
PUE,-98.58239889,19.33050361
JAL,-103.2377778,20.43916667
COL,-103.6018606,19.32877444
QRO,-100.1636111,20.47851417
MEX,-99.05022611,19.78492361
PUE,-97.88200056,20.38715417
MOR,-99.3270575,18.73048583
JAL,-104.045,20.20361111
VER,-96.40876222,19.44257139
COL,-104.2579669,19.06006361
VER,-97.83667611,22.18363278
OAX,-96.36215472,16.92185972
COL,-103.7588011,19.32319861
MICH,-101.8088672,18.96288694
TLAX,-98.14970194,19.38870778
MEX,-98.91659694,19.42826139
SLP,-100.926325,22.21859861
BC,-116.0075617,30.76794028
JAL,-103.1672222,20.50944444
OAX,-96.781005,16.82673639
CHIS,-92.42586472,17.30063472
GTO,-100.4930422,21.29079556
CAMP,-90.17520583,20.13771056
TLAX,-98.38200889,19.26753
CHIS,-92.42486611,14.72044806
MEX,-99.46307972,19.72758833
VER,-94.51782861,18.14849389
HGO,-98.54741611,19.65700833
GRO,-98.73361278,16.80858306
BC,-114.8647136,32.631515
JAL,-103.1929661,20.34913611
NAY,-105.2694158,20.73621639
HGO,-98.69603472,20.07237139
TLAX,-98.13300972,19.36207778
MEX,-98.92589194,19.22742889
VER,-96.87367556,19.6552675
MEX,-99.58173917,19.14801056
CHIS,-92.25994222,16.66006194
NL,-100.3880242,25.85795917
JAL,-104.2644444,19.95444444
MOR,-99.26954556,18.96352833
CAMP,-90.68830111,19.63919694
MICH,-101.038485,19.82630583
PUE,-97.32651778,19.79606139
NAY,-105.2343136,21.73942556
MICH,-100.8834875,19.8100275
SIN,-109.2967331,25.96626222
ZAC,-102.3501019,22.44921833
NAY,-105.2731486,20.69165194
TLAX,-98.21441833,19.19991889
SLP,-98.6620625,21.59808806
MEX,-98.84714222,19.24075278
SON,-110.8965939,29.38008917
JAL,-102.22,20.6075
MEX,-99.03849889,19.80607972
MEX,-99.685475,19.33450528
MEX,-99.66010667,19.22175222
SON,-110.2951714,27.64387583
GTO,-100.8420872,20.21646167
TAM,-98.83598861,26.31672389
PUE,-97.49666972,19.85132972
TAB,-92.89454889,18.38884611
MEX,-98.9642525,19.7277575
COL,-103.7188889,18.74972222
JAL,-104.7822222,20.52555556
CDMX,-99.04941083,19.20163722
COAH,-103.2853303,25.69699667
MEX,-99.54926444,19.34861361
VER,-96.24144028,19.22369472
PUE,-97.93184056,18.99481528
MEX,-99.73123639,19.32603972
PUE,-98.46825917,19.20291444
VER,-96.17254722,18.7696425
CHIH,-105.8180997,26.8021
TAB,-92.95749222,18.01787611
MEX,-99.59268333,19.2301375
MEX,-99.45842333,19.18295083
PUE,-97.58955361,19.87303639
HGO,-99.15612333,20.102655
YUC,-89.37225278,20.83698667
MICH,-101.8534764,19.50189389
SIN,-106.3303861,23.18692306
PUE,-98.47933389,19.30514972
BCS,-111.7774619,25.26410444
MICH,-101.2042594,19.75689111
PUE,-97.70166667,18.84442167
MEX,-99.54376056,19.32195694
NL,-100.1567883,25.62763417
MEX,-99.18446806,19.82217583
VER,-97.65769722,20.24712167
DGO,-103.4392358,26.10738583
GTO,-101.4530553,20.94536083
MEX,-98.94186944,19.69933583
VER,-94.52705417,18.14717889
GTO,-102.0199558,20.3438975
MEX,-98.98365222,19.81262806
NL,-100.1787028,25.91618611
MEX,-98.9815925,19.9288325
MOR,-98.89917528,18.93627083
JAL,-103.4532222,20.51972222
MICH,-101.151735,19.65166806
MEX,-98.96588889,19.59020528
GRO,-101.6270753,17.70618028
CHIS,-92.27152833,17.10549139
CAMP,-90.60070194,19.80618167
VER,-94.81520889,17.89420722
VER,-95.81205667,17.83213278
HGO,-98.92176111,19.95659111
MICH,-100.4637783,19.56796056
OAX,-95.44337806,16.44006528
MEX,-99.49756528,18.95234167
VER,-98.45372417,21.76873417
JAL,-103.4730556,19.79444444
JAL,-102.2769444,20.34638889
VER,-96.15718694,19.09396889
MEX,-99.7264775,19.24921083
NL,-100.4855181,25.77822222
JAL,-103.9286111,20.435
MOR,-98.95774694,18.72859806
YUC,-89.7060325,21.01566361
HGO,-99.22019083,20.00776667
MEX,-99.25887667,19.84745222
MEX,-99.86150972,19.68353556
PUE,-97.287655,18.29023833
CAMP,-90.22576333,20.03967694
MEX,-98.94282861,19.38107833
JAL,-102.0072222,21.12805556
VER,-97.10025889,19.014845
NAY,-105.2479242,20.80676
PUE,-97.80954028,19.18915889
MICH,-102.3276408,20.28381111
MEX,-100.2994464,18.92048222
TLAX,-98.26723306,19.31512917
MEX,-99.78069583,19.59360639
CHIS,-93.07414167,16.17054167
MEX,-99.14035222,19.66950194
MEX,-99.33057528,19.35676944
HGO,-99.23467972,20.13062722
OAX,-95.01985028,16.36030083
CHIS,-92.46957972,17.00665861
MEX,-99.91751278,19.82119667
VER,-94.76023917,18.24644722
MICH,-101.2043883,19.76337306
OAX,-96.71144139,17.01166
JAL,-103.3930556,20.51944444
JAL,-103.1700211,20.6050125
QRO,-99.91472222,20.375
TAB,-94.04797833,18.09878111
MEX,-98.89658361,19.47739028
JAL,-103.3357714,20.52354472
BC,-116.5140122,31.67108833
OAX,-96.74931861,17.12993056
MICH,-102.7883797,18.73423139
AGS,-102.3347719,21.92249028
PUE,-98.30504139,19.15170917
MEX,-98.85830361,19.25709111
JAL,-103.6613889,20.41638889
PUE,-97.41911306,19.11563472
VER,-96.96989528,18.88578556
CHIS,-92.3719525,16.89224333
MOR,-98.80322306,18.68069028
SON,-109.8869706,27.36964528
OAX,-97.07070417,18.13233444
SLP,-100.84902,22.64477167
JAL,-103.3364103,20.28626806
MEX,-98.99153111,19.58402278
PUE,-97.37512639,18.85835694
GRO,-99.97831778,17.78944806
SON,-111.8335719,30.71333889
SIN,-107.4475858,24.72776389
CHIS,-93.01625833,17.24840278
HGO,-98.66906167,20.28688167
CHIH,-107.3324069,28.47743833
MEX,-99.57192694,19.35816528
JAL,-103.2029133,20.61443167
MEX,-99.21905278,19.77647278
CHIS,-92.68793389,16.11671583
GRO,-100.6402289,17.22121611
DGO,-103.4174858,25.39793583
MOR,-98.9831175,18.95661722
PUE,-98.16021361,19.10132611
YUC,-90.39946361,20.86009167
HGO,-98.94615139,19.84198722
GTO,-100.5242133,20.54359028
QRO,-100.1143317,20.47961639
TAB,-92.85383528,18.11030056
CHIS,-92.38418083,15.01851972
OAX,-96.68238611,18.60178694
JAL,-103.5408361,19.87598222
VER,-96.86366472,19.40352194
MEX,-99.79896833,19.58144833
MEX,-98.75259806,18.958715
PUE,-97.71710472,19.05905083
NL,-100.1329306,25.71168611
MICH,-102.1194372,19.84920694
OAX,-96.87368611,17.24712583
MEX,-99.82813472,19.28232278
OAX,-96.63659222,17.04670167
SON,-109.6539025,26.98242389
NL,-99.23931667,25.70591389
HGO,-99.1221325,20.092525
CHIH,-107.4713142,29.84340861
PUE,-97.8252975,18.91687333
VER,-94.27969028,17.93899722
TAB,-93.39021417,17.97968278
CHIS,-92.57602417,15.2119375
PUE,-97.80215556,18.95777167
VER,-97.02252028,18.87218833
PUE,-98.45923917,19.10793806
VER,-97.40673167,20.94530778
TLAX,-98.23349806,19.31307278
OAX,-94.19384833,16.36724861
MOR,-99.25877583,18.74113333
SIN,-105.8479428,22.73229111
JAL,-103.0202778,19.91722222
SON,-110.2415142,27.411415
QROO,-87.4872225,21.10139889
MICH,-102.3630342,19.3374975
OAX,-95.04283611,16.48570972
JAL,-103.3869444,20.41638889
CHIS,-92.67461722,15.34096528
ZAC,-102.9130569,21.86527694
OAX,-97.29247278,16.23700944
MEX,-99.73917278,19.44038667
HGO,-98.60391306,19.81789417
CHIS,-93.29265278,16.39451417
JAL,-103.1841667,20.56722222
CAMP,-89.84504361,19.74554806
SLP,-98.875,21.43638889
GRO,-100.5415742,18.23976028
GTO,-100.5105281,20.15003361
HGO,-99.32583333,19.98972222
VER,-96.56581389,19.35537222
OAX,-96.80057944,17.20752806
CHIS,-93.03346833,16.73064611
HGO,-99.23901417,20.08898722
MEX,-99.59098139,19.34460833
VER,-96.94514083,19.65310611
CHIS,-92.44825639,16.27781611
YUC,-88.79446222,21.20189667
HGO,-98.41744944,20.11370194
COAH,-103.1153647,25.78237861
CHIS,-93.60477333,17.1892225
MEX,-99.7857975,19.71181778
PUE,-97.66286972,18.79329111
JAL,-104.6433333,19.485
QRO,-100.144195,20.18644389
TLAX,-98.33418917,19.29983556
GTO,-100.8733164,21.46638667
VER,-97.47730583,20.55581278
MOR,-99.12598028,18.88466194
MEX,-99.74519083,19.35646028
TAB,-93.48082028,17.66446306
OAX,-94.35390333,16.48280361
TLAX,-97.91942056,19.29262444
MEX,-99.57255778,19.32808278
SIN,-106.6915347,24.41134583
NL,-100.1994431,25.90656694
GRO,-99.04172444,18.03415139
MEX,-99.75062639,19.30534806
NL,-100.0774278,24.82626667
PUE,-98.00214194,20.21208306
CHIH,-107.4869236,28.5481925
TLAX,-98.155695,19.43152972
MEX,-98.81211833,19.50773028
NL,-100.1509222,25.74661111
HGO,-98.33951361,20.14463611
PUE,-97.65775056,18.59970639
CHIS,-93.19333083,17.60815111
JAL,-103.635,20.43361111
HGO,-99.25289056,20.16054722
TLAX,-98.09061389,19.42141472
MICH,-102.4830833,19.73895194
GTO,-101.3137789,20.96122444
MICH,-102.4891467,19.63960639
GRO,-98.56528667,17.80217444
TAM,-99.62172722,27.47333639
CHIS,-92.44947083,14.86302528
VER,-97.30283722,18.71876278
GTO,-101.3434375,20.59787944
PUE,-98.8442975,18.32051667
TLAX,-98.40026556,19.29178139
TAB,-92.96380917,18.02326944
MEX,-99.07849306,19.69797444
PUE,-98.51509139,18.89490556
TAB,-92.98012222,17.93860611
HGO,-98.41793333,20.07199972
COAH,-101.2847742,27.65223417
MEX,-98.93025611,19.58158667
CAMP,-91.180515,18.97464472
VER,-96.96423111,19.42324806
MEX,-98.76196694,19.51782361
TAB,-92.82628389,17.5917925
NAY,-104.8230725,21.58319222
PUE,-97.98834,20.20339667
TAB,-93.18197167,18.26138889
PUE,-97.82353778,19.21602917
MEX,-99.20893417,19.82999556
GTO,-101.5215033,21.08668167
MEX,-99.55305528,19.26747333
TLAX,-98.25030056,19.23794556
VER,-97.82731028,22.22975306
CHIS,-92.16896972,14.94018972
MEX,-98.93811222,19.59566056
DGO,-103.5958153,25.49442556
MICH,-101.2776156,19.39212056
MOR,-99.20217028,18.78172778
CAMP,-91.48345639,18.78302083
OAX,-95.057045,16.50383972
PUE,-97.94148139,19.04911528
QRO,-100.0454306,20.78832639
YUC,-89.60716917,21.29442861
TLAX,-98.25841333,19.32564417
VER,-96.649765,20.02746583
MEX,-99.26137083,19.67971583
VER,-94.384695,18.08864833
GTO,-101.6364411,21.0576475
MEX,-99.62178194,19.23568667
MEX,-99.62603583,18.97109333
ZAC,-102.609535,22.86219444
MEX,-98.85278528,19.08484694
YUC,-89.042975,21.24667833
JAL,-103.2961111,20.50583333
NL,-100.1718667,25.80016833
MOR,-99.24356556,19.05298278
MEX,-99.83714472,19.27920722
VER,-96.85430861,19.50239917
GRO,-100.4686681,17.13636972
BC,-116.7416544,32.51416472
PUE,-97.45927861,19.8399
MEX,-98.7700375,19.05480972
MEX,-99.09813139,19.92907389
MEX,-99.56428889,19.48433361
SLP,-100.8668053,22.03610833
JAL,-104.3477778,20.12916667
MOR,-99.36026528,18.7699825
MEX,-99.22265778,19.76823306
YUC,-89.22818,20.98309861
VER,-96.99836444,18.66689083
PUE,-97.82574889,18.84011417
MICH,-101.3328514,19.49625194
TLAX,-97.89511111,19.25114417
SON,-109.9584889,27.57556306
CHIS,-92.41443694,17.22581222
VER,-94.66430361,17.93608806
VER,-97.01658306,18.96603
MEX,-98.9574525,19.35958917
TAB,-92.13872917,18.09070611
YUC,-88.20115778,20.80368028
MEX,-99.76679528,19.79260278
YUC,-89.66153278,21.21001
SLP,-99.818685,21.65000694
CHIS,-93.314385,16.73885889
MOR,-98.69068417,18.88513444
QRO,-100.0694506,20.42161278
GTO,-101.4780164,21.64849222
MEX,-99.25194,19.68889861
AGS,-102.6753164,21.87745611
PUE,-98.44844056,19.25942833
MEX,-98.93920167,19.36710139
MEX,-99.53686611,19.11145389
VER,-95.65631111,18.61327167
GRO,-100.6985658,18.33101944
PUE,-97.91374972,18.82256694
MEX,-98.86638889,19.50333333
OAX,-96.40358139,18.24037167
NL,-100.249545,25.85607167
NAY,-104.4846644,21.05058694
GRO,-99.93231361,18.13007833
MICH,-102.851005,20.11899833
SON,-109.5890033,30.72352417
MEX,-99.52775361,19.31340056
TLAX,-98.11984139,19.42061361
GRO,-99.40534222,18.45788722
MICH,-100.9684931,19.79005944
MICH,-101.0217628,20.00839167
GRO,-99.24083333,17.40916667
HGO,-98.66813056,19.91539667
MEX,-99.61273667,19.06950972
OAX,-96.77763333,17.13422222
YUC,-89.94758278,20.91646194
MEX,-100.0307272,19.61498556
BCS,-110.2256133,23.45043694
MEX,-98.91043306,19.76716444
CHIH,-107.9488053,30.37570361
GTO,-101.0644453,21.61147111
VER,-96.96115222,19.55415861
MEX,-98.90083222,19.82785778
CHIS,-93.21055556,17.09361111
PUE,-98.49545472,19.23572472
JAL,-103.7366667,20.67333333
MEX,-99.56187278,19.2011625
MICH,-101.9179042,19.33456222
MOR,-98.96981639,18.90766278
MEX,-99.98096889,19.83412889
PUE,-98.34431639,19.17002333
CHIS,-92.28328722,15.74493611
TLAX,-97.83018528,19.35582667
MEX,-99.76926722,19.56981389
GTO,-101.2429836,20.58096028
GTO,-100.9952878,20.59893389
MEX,-99.92999361,19.77854528
SON,-110.4170678,27.62519111
MEX,-98.87926194,19.53228694
PUE,-97.44586278,19.88255806
HGO,-98.60781528,21.17094361
HGO,-98.9557325,19.884685
QROO,-87.20452667,20.98757944
MICH,-100.3066772,19.41495306
OAX,-96.531845,18.51352278
MEX,-99.670935,18.80201944
MEX,-99.61651917,19.39493917
ZAC,-101.9563189,22.16489806
JAL,-103.115,20.39138889
QRO,-99.94010611,20.48036444
PUE,-97.993135,19.058345
GRO,-101.3450669,17.56524444
TAB,-92.92487889,17.81811722
ZAC,-102.2492494,22.43247778
GRO,-98.74125639,17.77833222
QRO,-100.2885275,20.5901825
MICH,-101.4683542,19.14091694
TLAX,-98.21710528,19.33693694
CHIS,-92.40662222,15.01085972
JAL,-104.7011111,19.22527778
VER,-96.86490944,19.54709389
VER,-94.60608222,18.00146
MEX,-99.01485361,19.80265056
VER,-96.984325,19.05115667
TLAX,-98.377115,19.32664583
MEX,-99.76851861,18.92571056
PUE,-97.34761111,19.85880167
JAL,-103.4432717,20.78873944
BC,-116.6806356,32.45195361
TAB,-93.08205972,17.94429028
TLAX,-97.90875639,19.20472972
HGO,-99.22112861,20.05915472
SON,-110.8615386,30.77732972
PUE,-97.14711306,18.26653306
MEX,-99.05436167,19.68816167
ZAC,-101.4204839,24.61316889
VER,-96.38277778,19.37166667
GRO,-101.4787458,17.63900472
YUC,-89.28491917,20.40041111
VER,-96.43845278,19.28504694
GRO,-99.46669417,18.28698972
JAL,-103.2391667,20.86416667
CHIS,-92.37793444,14.92020389
MICH,-102.0385178,19.86055278
OAX,-96.536115,18.0712825
PUE,-97.67592139,19.01325667
CHIS,-93.01121722,17.20050333
TLAX,-98.14654972,19.46870694
GRO,-98.81785194,16.58331389
MICH,-101.1763919,19.79566556
MEX,-99.57536639,19.43028417
QRO,-99.83516278,20.64258111
MICH,-101.5224647,19.09496917
MEX,-99.48723694,19.45482556
GRO,-98.97862361,16.60875917
VER,-96.87095417,20.18802528
MEX,-99.63028667,19.21254389
GRO,-99.50280806,18.49619139
YUC,-89.28575444,20.73951528
CAMP,-90.02823194,20.44261194
MOR,-98.92143889,18.98722333
BC,-114.7319519,32.71618833
JAL,-103.1391667,20.39527778
QRO,-100.2629675,20.70075278
CHIS,-93.86743972,16.05110972
JAL,-103.41731,20.47240111
TLAX,-98.12672917,19.44779806
MEX,-99.66011194,19.46323111
SIN,-108.9040328,25.96638694
JAL,-103.2460547,20.48615611
MEX,-99.57659944,19.40785917
MEX,-99.41977222,19.61574417
CHIS,-92.30782611,14.87048944
GRO,-99.513475,17.2470375
HGO,-98.71448944,20.02885278
GTO,-100.9669844,20.24557083
NL,-99.61473333,26.08986944
MEX,-98.81971861,19.57336528
CHIS,-92.93757028,17.20947083
SLP,-98.58571778,21.71494444
MEX,-99.64115111,19.37189944
MEX,-99.25443278,19.65845056
MICH,-102.2250944,19.54765194
COAH,-100.8866314,28.41010444
MOR,-99.19172028,18.80489583
MEX,-98.92386722,19.63479806
HGO,-99.63492389,20.53387278
PUE,-98.35108222,19.0544675
QRO,-99.99660639,20.46567361
MICH,-101.5968558,20.30218417
OAX,-97.11961917,15.92238389
MICH,-101.2758533,19.98870444
VER,-96.22223333,19.12836167
JAL,-102.9519444,20.31555556
CHIS,-92.18860778,17.03683778
HGO,-98.75563778,20.05187333
QROO,-86.85498972,21.22479722
JAL,-103.3750375,19.25243917
PUE,-97.70279611,18.75711417
QRO,-100.0210144,20.70735806
MEX,-99.92103556,19.75694306
SLP,-98.98957306,21.38519278
PUE,-98.27612611,18.33171417
OAX,-97.57284806,17.67306278
TLAX,-98.17150917,19.40712722
DGO,-103.8481936,25.83332361
JAL,-103.2380556,20.29361111
ZAC,-101.9137606,22.51299167
QRO,-100.0297447,20.49439056
PUE,-97.89420306,19.15463583
PUE,-97.71345778,18.96623556
SIN,-108.0538725,25.08077472
MICH,-102.4585847,20.00693861
MEX,-98.77260583,19.48530694
MICH,-102.0528825,19.54644778
GTO,-101.4786244,20.90147667
MEX,-98.96367694,19.29361667
GRO,-99.71438056,17.09955278
PUE,-98.45750917,19.14202861
YUC,-88.21739667,20.63127
MEX,-98.84581917,19.58436972
GRO,-100.4960569,18.15955472
PUE,-97.41116722,18.62048806
PUE,-97.70844472,19.11922806
CHIH,-106.8845122,30.15002139
TAB,-92.78461028,18.16136333
TAB,-92.61391611,17.78852833
TLAX,-98.22331972,19.28705444
BC,-115.0011883,32.19500167
VER,-96.88731333,19.50330306
MOR,-99.27014278,18.55971778
MEX,-98.95912611,19.74160917
YUC,-88.58823556,20.6985975
OAX,-96.46392111,16.98243056
NL,-99.68581389,25.25718611
CAMP,-90.14945083,20.40163333
CHIS,-92.90590278,16.80352528
YUC,-88.93863417,21.15184111
MEX,-99.58628889,19.19260306
JAL,-103.4605556,20.5925
SON,-111.9396853,28.8255225
MEX,-98.91190556,19.63550889
MOR,-98.77804306,18.772315
CHIS,-92.18793667,16.18423139
MEX,-98.67104056,19.35523194
PUE,-98.48569694,19.07258917
JAL,-103.7245356,20.13944944
CHIH,-105.4442656,28.24174694
MEX,-98.86129556,19.15700333
MEX,-98.82363333,19.47756639
TAB,-92.91111139,17.92263889
MEX,-99.65447444,19.10839611
PUE,-97.52077056,20.01852028
GTO,-101.0673114,20.53012139
SLP,-101.0946294,22.93134389
SLP,-102.17427,23.00281972
ZAC,-102.72659,23.60697611
TAB,-93.11130806,18.22352222
TAB,-93.49723806,18.02245417
TAB,-93.04893639,17.97314833
MEX,-98.86990222,19.20274056
MEX,-98.95939917,19.59036889
DGO,-105.3648656,25.94932389
MEX,-99.45988861,19.32252028
JAL,-103.2094444,20.56916667
OAX,-96.60761,18.53856333
SON,-110.1112758,27.46125333
NL,-100.1441694,25.72137167
MOR,-98.98214167,18.76708667
GRO,-99.78276,16.99831889
TAB,-93.21436806,18.36712333
TAB,-92.93558139,17.91000694
CHIH,-106.9643694,26.09451583
MEX,-99.58350222,19.12572472
GRO,-99.37321139,17.65328417
TAB,-92.96484833,17.960915
VER,-94.88105083,17.96288056
NL,-100.2778917,25.9046
AGS,-101.9653072,21.91886917
ZAC,-101.5751672,22.29884194
MEX,-99.99624167,19.60873389
CAMP,-90.49528111,19.76931972
QRO,-99.93080083,20.90814917
TAM,-99.375675,23.40512028
MEX,-99.65307361,19.06431167
VER,-95.98826167,19.05797361
MEX,-98.85908222,19.24493028
GTO,-100.9254533,19.95894444
SLP,-102.0389058,22.80262889
PUE,-97.76883333,19.24207056
HGO,-99.27398556,20.16462389
SIN,-109.0496747,25.94678944
MEX,-99.6793975,19.32289028
CHIS,-92.68913194,15.28283778
SIN,-107.7042436,25.08601667
MEX,-99.1732625,19.70138889
SLP,-99.64531528,21.84372361
PUE,-97.52451389,18.48919028
BC,-116.9166936,32.2195025
TLAX,-98.03193111,19.39045194
PUE,-98.15480694,18.96308861
QRO,-100.4227928,20.66553222
BCS,-110.4131275,24.10244861
VER,-95.18426694,18.15962028
VER,-95.707965,18.075635
MICH,-101.9052225,19.5722625
HGO,-98.81929,19.87986083
BC,-115.1702669,32.22801056
SIN,-109.0495253,25.59868722
GTO,-100.3189494,21.14264
TLAX,-98.4263575,19.58451361
TAB,-92.92765111,17.81258167
GRO,-99.67617472,18.74758389
CHIS,-92.33342194,17.55702083
TLAX,-98.06442306,19.33570417
MEX,-99.67035556,19.31411056
YUC,-88.92974056,21.280125
NAY,-105.2422736,20.75358972
TAB,-92.94194639,18.04284583
HGO,-98.97177361,19.86552222
JAL,-103.4530556,20.57
OAX,-96.39776278,18.05750306
MEX,-98.90083806,19.65531722
OAX,-94.76863,16.58849222
MEX,-99.53523,19.23316333
SLP,-101.3833703,21.91013583
TAM,-99.20176472,24.01659111
HGO,-98.66028444,20.98934556
VER,-98.47915194,20.53727722
CHIS,-90.88446,16.81498778
PUE,-97.96913611,18.9010325
PUE,-98.30254639,18.97687333
GRO,-99.46523917,17.43490417
TLAX,-98.20337611,19.32420833
MEX,-99.29028028,19.45001222
GRO,-99.18524778,17.69034056
VER,-96.33323028,19.09443417
MEX,-99.64579,19.14726667
COL,-104.0496369,19.38611
JAL,-102.5233333,20.52805556
OAX,-96.88449556,17.27736722
JAL,-103.3713889,20.53055556
PUE,-97.66938333,20.50493083
MEX,-99.1615325,19.73419583
TAB,-93.07320389,17.87909
PUE,-98.14611583,19.00020389
TAM,-99.14869417,26.43047028
MEX,-98.88687556,19.76449611
MICH,-102.005695,19.4295425
SIN,-108.9304556,25.95313389
ZAC,-102.8408167,23.22936694
PUE,-97.18389333,19.25520194
CHIH,-107.6281475,31.78297222
PUE,-97.86723111,18.89108917
GRO,-99.37129444,17.47235778
JAL,-103.1569444,20.56833333
MICH,-100.5993006,19.65775167
PUE,-98.44130972,18.04513583
JAL,-103.0169444,20.335
HGO,-99.06612528,20.21598861
MEX,-98.87111083,19.66860417
TAB,-93.30575278,18.25383417
SIN,-108.4778283,25.80137556
PUE,-98.337615,18.97161222
MEX,-98.95788389,19.67214667
JAL,-101.9936111,20.99305556
VER,-97.29321778,20.36430889
MOR,-99.18129,18.85882639
YUC,-89.46887056,20.38776417
ZAC,-102.6884356,23.05580611
MEX,-99.38405944,19.65401528
MEX,-99.57712028,19.03676583
VER,-97.73533806,21.35959944
MEX,-99.84403194,19.95622861
QRO,-100.2623272,20.62837806
MEX,-98.97600972,19.63958611
MEX,-99.90734389,19.61111111
AGS,-102.0707925,22.09556278
PUE,-97.77507694,18.70549361
SON,-114.9961725,32.19954889
MEX,-100.1306647,19.80214306
MEX,-99.36743944,19.38118778
JAL,-104.605,19.71916667
OAX,-97.9898775,16.76389444
OAX,-96.39603722,16.79775444
JAL,-103.7541667,19.94555556
DGO,-104.244705,23.84821083
JAL,-102.5634503,20.59741139
JAL,-103.8941667,22.62861111
GTO,-101.3349122,20.80135194
TAB,-92.88131333,18.06088167
MEX,-100.0108047,19.63658111
ZAC,-102.3468883,23.2938925
MEX,-98.94480528,19.36158639
SIN,-107.9215617,25.48187694
VER,-96.61083444,19.97089833
CHIS,-92.43549056,16.52850139
HGO,-98.53832389,21.13313194
DGO,-104.0342667,24.79250861
TLAX,-98.34849806,19.46998806
PUE,-97.28904083,19.93947889
JAL,-102.7838889,20.34277778
SIN,-107.2190408,24.422005
SLP,-98.58959083,22.2621725
MEX,-99.96994944,19.753525
MEX,-100.0871497,19.29107083
OAX,-97.37964333,16.26003111
MICH,-103.6629314,18.70247444
OAX,-97.14444694,16.10676444
ZAC,-102.4753219,23.18322167
AGS,-102.3000442,22.36640861
TAB,-92.86936833,18.11008194
CHIH,-105.5544444,28.18694444
HGO,-98.70623528,20.10204944
OAX,-95.1404225,16.82066917
MOR,-98.79908361,18.72480083
NL,-99.67322778,24.88464167
QRO,-100.0855556,20.51388889
MEX,-99.41394778,19.64148
TLAX,-98.15037972,19.35579528
NAY,-104.4382167,21.10482111
ZAC,-103.0198253,23.99466806
ZAC,-103.1192433,21.41150389
CHIS,-92.72140889,17.06221028
PUE,-98.5783525,18.51936472
TLAX,-98.28462389,19.27843167
GRO,-99.97104806,16.96144056
MEX,-99.31131139,19.3971225
DGO,-105.931245,24.10218167
TAB,-93.32459806,18.10129417
OAX,-96.30404472,17.77495333
MICH,-101.0463128,19.74667028
HGO,-98.95851111,19.81327194
OAX,-96.68464,16.8032275
MEX,-98.87953306,19.47158333
MEX,-99.47247806,19.2543375
CHIS,-93.10682306,16.70400917
SIN,-108.7624847,26.08402528
MICH,-101.8894414,19.44893861
VER,-96.13478667,19.03203583
MOR,-99.18623472,18.59791278
ZAC,-103.0070328,23.27975861
HGO,-99.32499639,19.91453472
PUE,-98.44821917,18.97775889
VER,-94.83764306,18.22145722
JAL,-103.47,19.81916667
QRO,-100.4676161,20.62402778
MEX,-99.71219667,19.26083333
YUC,-89.00670556,20.59501778
TAM,-98.15249389,22.54269389
OAX,-96.67212028,17.05847611
MOR,-99.17340417,18.59628333
MEX,-99.3555275,19.68907333
MEX,-98.83736139,19.6825875
BCS,-112.1080619,24.78974556
GTO,-101.4968667,20.36827444
TLAX,-97.90980361,19.3708
MOR,-99.0253925,18.8911075
PUE,-98.3395525,19.03876611
CAMP,-89.39727556,18.50537083
PUE,-97.36710944,19.87514778
MEX,-98.98215778,19.65311
NL,-100.1268544,25.63561
MEX,-99.96918556,19.76990139
MEX,-98.83605583,19.26776861
MEX,-99.52789611,20.01389111
MEX,-99.61483278,19.62080528
PUE,-97.92619028,18.58101694
CHIS,-91.9287925,16.19085639
OAX,-96.66623917,17.10254333
MICH,-101.8060914,19.57175333
NL,-100.0888497,25.81485417
BC,-116.9598594,32.38786472
VER,-96.90258556,19.31465972
TLAX,-98.24887389,19.22522361
VER,-96.79849806,18.83383611
OAX,-97.95398917,16.45966583
VER,-94.60933167,17.97972667
TAB,-91.17052222,17.92308667
GRO,-99.77885556,16.83054528
PUE,-97.64324222,19.002835
CHIS,-91.85819722,16.20123056
QRO,-100.2622219,20.58509389
GRO,-99.60458278,17.9318925
VER,-96.68753361,18.60680694
GTO,-100.5163286,20.00396806
VER,-97.68174,20.21065556
MICH,-101.5087914,19.48578889
TLAX,-97.91910472,19.4774375
VER,-96.35996028,19.40644611
MICH,-101.3936578,19.67354306
TAB,-93.04748194,18.13639944
PUE,-97.33520194,19.76660056
HGO,-98.40329306,19.70331944
JAL,-103.1575472,20.60895
BC,-115.1963903,32.35597139
PUE,-97.80597222,19.81675806
PUE,-98.42251083,19.24284528
HGO,-99.28530306,19.94388417
TAB,-92.48831917,17.86870667
AGS,-102.4156336,22.15021639
MEX,-99.46030333,19.22402639
PUE,-97.81763056,18.88548944
YUC,-89.66173833,21.10351722
MEX,-98.91236444,19.53588639
VER,-97.8510575,21.16611333
VER,-97.81323,21.33793861
JAL,-104.0009858,20.8004675
ZAC,-102.4943047,22.71453167
MEX,-99.61083222,19.85708333
OAX,-94.98189194,16.20970028
GTO,-101.0595706,20.52299194
CHIS,-92.86233611,17.0679675
HGO,-98.7255375,20.07907139
MEX,-98.63408917,19.72944444
CHIS,-92.72358056,16.76011889
MOR,-99.36951417,18.60000167
PUE,-97.59376333,19.10853861
MEX,-98.94134167,19.63298472
PUE,-97.96296,19.03274
TLAX,-98.22201778,19.21317972
MOR,-99.14147417,18.97169944
PUE,-98.4033775,18.94005472
QROO,-88.25258278,18.55622444
MEX,-98.94606222,19.58644194
AGS,-102.2738383,22.02572583
COAH,-101.4792917,25.3799075
MOR,-98.77275778,18.56044444
QRO,-100.2436594,20.56381972
TAM,-98.90029417,24.04879861
GTO,-101.7258114,21.07028722
YUC,-87.66887444,20.85800083
SIN,-108.2220458,25.82237222
QRO,-100.2584017,20.58426139
PUE,-98.63456194,18.63601472
TAB,-93.86345139,18.29391389
OAX,-94.9465275,16.55278028
MOR,-99.20236389,18.80415417
QRO,-100.2394083,20.66525611
MEX,-99.47152833,19.43969639
DGO,-105.7230019,25.34320861
JAL,-103.5466667,20.72694444
SON,-109.9481319,31.33154722
MICH,-100.366405,19.90803583
TAB,-93.35087389,18.24008167
SIN,-108.3136953,25.70545611
PUE,-97.59042889,19.90360139
TAB,-92.96113278,18.06435528
OAX,-97.97743528,16.42844167
GTO,-101.1262589,20.59303556
MEX,-98.93278472,19.66957639
OAX,-94.51497444,16.33935778
SIN,-108.1594886,25.36436
MEX,-99.23583556,19.69406556
TAM,-99.33602389,22.84504028
MEX,-99.55544111,19.4257225
PUE,-98.53275861,19.25696917
TAB,-92.93669722,18.05326972
TAB,-93.02409861,17.97557861
TLAX,-98.21355806,19.26806444
COAH,-100.725155,28.22049778
MEX,-98.73668333,19.08307583
JAL,-102.5669444,20.67444444
JAL,-101.6505556,21.89
MEX,-99.58092056,19.48498778
GTO,-101.3867522,20.10794111
VER,-97.1450725,19.05127333
JAL,-103.3982158,20.48315806
OAX,-94.48382833,16.35235667
VER,-97.00845083,20.4773925
MOR,-98.7516125,18.81433417
VER,-95.17457861,18.40779083
GRO,-98.48766139,17.90564028
NL,-100.1672219,25.60711111
GRO,-98.28777972,16.74175444
OAX,-96.52836306,17.879395
YUC,-89.85624444,20.55065139
VER,-96.89278417,18.86447194
MEX,-98.88266333,19.64328833
MEX,-100.2155414,19.17758472
BC,-116.7784,32.51650333
OAX,-96.95956667,17.80154806
MEX,-99.62739139,19.37351111
HGO,-99.27268278,20.19276167
MICH,-101.5563017,19.67304028
COL,-103.9142894,18.94625444
JAL,-103.5163889,20.01055556
PUE,-97.54750667,18.83592639
MOR,-98.7756975,18.87769278
MEX,-98.78873194,19.72732083
MEX,-99.45809972,19.30641417
QRO,-100.2614394,20.62105111
MOR,-99.26745278,19.02903306
NAY,-104.5872067,21.33318944
MEX,-99.72083028,19.56868833
CHIS,-93.16440528,17.22502917
QRO,-100.0992606,20.39720583
YUC,-88.27118333,21.29686111
GTO,-101.2975675,20.96050194
CHIS,-93.0965725,17.430795
PUE,-98.68794806,18.37316694
VER,-96.21834056,19.20268
SLP,-101.0753444,22.10995556
ZAC,-103.2474792,23.57983028
MEX,-99.75999667,19.27563694
VER,-94.87275639,18.22951
MEX,-99.95329444,19.71392417
MEX,-99.88064528,19.70358583
NL,-100.5318444,26.00125556
TAB,-93.34868694,18.09105417
PUE,-98.43884833,19.24731972
MEX,-99.34256306,19.34763806
MICH,-101.7614597,19.98395889
CAMP,-92.28904861,18.62294667
MEX,-99.48332944,19.35909139
TLAX,-98.47204111,19.49270472
CHIS,-92.7396325,16.7073525
DGO,-104.3192644,24.40102444
TAM,-98.37427889,24.06083667
BC,-116.5776053,32.48524806
PUE,-97.43109917,19.83655639
JAL,-103.3891667,20.56444444
COAH,-100.5576,28.63950556
SLP,-101.1668422,22.40009944
AGS,-102.089275,22.23831694
MEX,-99.41513194,19.26512028
CHIS,-92.35031583,16.24294944
CHIS,-92.89672444,16.53917167
SLP,-101.0855594,22.74989361
VER,-96.73361944,19.62352472
QRO,-100.0365283,20.552095
HGO,-98.31070944,20.17457
MEX,-99.55697028,19.37420611
QROO,-88.3741475,20.19714722
AGS,-102.1669714,22.22422778
VER,-97.02874444,18.94626972
NL,-100.118305,25.69054833
MEX,-99.5577525,19.97063417
SIN,-108.1674744,25.47974056
MEX,-99.32551917,19.5932625
AGS,-102.1879736,21.82413611
MEX,-99.44126611,19.20920139
PUE,-97.8323475,18.46009556
GTO,-100.7964306,20.59842861
CHIS,-92.78011194,16.73503083
YUC,-89.16219889,20.72499056
AGS,-102.2964317,21.96880917
CHIS,-92.2632075,16.90388056
PUE,-98.33089778,18.99646139
TLAX,-98.25918917,19.29583528
GRO,-100.8894256,17.27150833
SIN,-107.6305139,24.89689
VER,-97.14893472,18.89792361
VER,-96.83484056,19.15412111
HGO,-98.86783889,19.99169889
GRO,-98.37447889,16.72194111
OAX,-96.79162111,17.15460167
OAX,-97.91286111,16.30222222
PUE,-97.88739694,18.86536389
MICH,-100.6071742,19.71979806
SON,-112.72108,30.80955611
PUE,-97.4571525,19.85829
HGO,-98.72368861,19.99716639
MEX,-99.16301056,19.81032806
YUC,-89.20206583,20.86521222
PUE,-98.45028861,18.72244861
VER,-97.26405111,19.48733611
MEX,-99.63208056,19.85829056
SON,-112.0539253,30.67599583
MEX,-98.90472667,19.37146722
NL,-100.3163,25.95247972
JAL,-103.4222222,20.51888889
MICH,-101.1442458,19.87208722
MEX,-99.74575972,19.46875444
TLAX,-98.35446361,19.31184583
MEX,-99.6013075,19.44942889
MICH,-102.4085728,19.86374556
HGO,-98.17874861,20.12579806
JAL,-103.2572222,19.97861111
JAL,-103.7664581,19.74778278
HGO,-98.72282083,20.10528639
MEX,-99.78606806,19.56117694
MEX,-99.58971694,18.9525875
MEX,-99.50306917,19.1322275
HGO,-98.4191875,20.06357639
OAX,-97.08383194,15.98264361
MEX,-99.55433167,19.42965806
PUE,-98.30161306,18.94114778
PUE,-98.26422694,19.09015472
CHIS,-92.19299944,14.59218972
MICH,-102.3946239,20.16836611
OAX,-96.59851639,17.01140694
MEX,-99.11675194,19.71273722
NL,-100.5043236,27.02531222
ZAC,-102.57238,22.94666583
DGO,-104.5604444,25.18071861
PUE,-97.65595222,18.75719833
MEX,-100.0018542,19.94899111
QRO,-100.3034019,20.71366139
GTO,-101.47424,20.65640083
BC,-114.9224708,32.51206583
VER,-97.879275,21.32846806
QRO,-100.4937078,20.78523083
BC,-116.2503353,31.32662333
MEX,-98.84405056,19.24704139
PUE,-98.34576556,19.02668583
HGO,-99.26227167,20.1928275
VER,-96.03457444,18.1767125
MEX,-99.75637778,19.3446075
MOR,-98.77730083,18.71520583
MEX,-99.52459944,19.11272083
MICH,-101.7083108,20.14965444
PUE,-98.56356861,19.29083056
SIN,-109.1191256,25.87741972
YUC,-89.57666556,21.09604111
GRO,-98.30174889,16.80990889
GRO,-100.8803136,17.26583889
VER,-97.14544056,20.01933306
OAX,-97.69690806,16.09567889
TAB,-92.49045444,17.80524722
QRO,-100.3134244,20.648325
MOR,-99.18018806,18.57925556
QRO,-99.92692167,20.34125806
MICH,-100.4946119,19.45872528
JAL,-103.0238889,20.9275
TAB,-92.81217139,17.71972917
CHIS,-92.71934222,16.61163667
YUC,-89.39938222,21.10954833
CHIS,-93.4483075,16.43060694
HGO,-98.73081361,20.78649833
PUE,-97.82951389,19.26273139
MEX,-99.57786333,18.95981361
GTO,-101.3417656,20.76996611
HGO,-98.86188278,19.97404722
PUE,-97.57291083,19.86826889
MEX,-99.52511944,19.39124778
MICH,-102.1101439,19.52691972
VER,-97.4163025,20.53656611
YUC,-88.94490361,20.20382056
SON,-109.6085611,26.82018611
VER,-97.8206775,22.22786806
YUC,-88.23786,20.73248139
SLP,-100.5739183,21.66745583
VER,-96.85618861,19.46319861
CHIS,-93.31146778,17.13699528
VER,-96.90785222,20.19016139
MEX,-99.12796028,19.82192111
HGO,-98.38355056,20.89050306
JAL,-104.1602778,20.21861111
MEX,-99.88664528,19.80497222
CDMX,-99.0678925,19.20675944
MOR,-99.27460556,18.48845139
OAX,-98.08992694,16.65390417
CDMX,-98.97272528,19.21758611
QRO,-100.2535886,20.58051444
GRO,-99.32934111,17.74192528
MEX,-99.92527889,19.63285806
VER,-97.44652472,21.27974194
MEX,-99.61208556,19.18034861
OAX,-96.66811722,17.08121194
ZAC,-102.1099233,22.66437139
MEX,-99.27238472,19.83759361
NAY,-105.1653619,21.25086389
MEX,-99.18584583,19.82377389
ZAC,-103.3276253,21.67112611
TLAX,-98.30823028,19.32033417
MEX,-99.4479525,19.69140917
PUE,-97.37070111,19.85518806
VER,-94.61772889,17.96963639
NAY,-105.2030578,21.80176694
YUC,-89.74295083,21.26873639
OAX,-96.51894861,17.02957944
PUE,-98.48474361,19.27219
GTO,-101.3148783,20.81741417
ZAC,-101.7125989,22.35708833
MEX,-99.35601389,19.63113806
SIN,-109.0363236,26.27002306
JAL,-102.6680211,20.9529225
YUC,-89.83069861,20.75023139
VER,-96.98955833,19.59310556
OAX,-96.14530556,15.76667639
SON,-111.1179217,30.16716306
COL,-103.7088956,19.37470528
PUE,-97.85688722,19.00845167
MEX,-99.5795475,19.38807333
PUE,-97.91595111,18.8581425
MEX,-99.53181778,19.04922833
MEX,-99.58559556,18.84092778
QRO,-100.1589583,20.43633278
VER,-96.91844806,19.48201194
PUE,-97.46669556,18.84440028
VER,-98.17834417,20.971975
SLP,-102.1529656,23.07419389
PUE,-98.38523194,19.037635
VER,-97.3485375,19.50146722
SIN,-106.4254969,23.94027583
HGO,-98.51722222,19.9675
MICH,-101.9471972,20.25489972
MEX,-98.90804972,19.45554889
SON,-109.6803367,29.80217972
MEX,-98.85820917,19.5633775
SIN,-108.4837342,25.60291111
MOR,-99.39858306,18.72896722
VER,-97.31232056,20.703285
NAY,-104.8171417,21.45168389
MEX,-99.11103722,19.70417667
VER,-96.21902917,19.20788917
VER,-96.99136444,19.33264361
MEX,-99.07837,19.90703944
CHIS,-92.58534722,16.43707306
GRO,-99.22847056,16.76042194
JAL,-103.4019444,20.46444444
JAL,-101.9223972,21.33046556
VER,-94.934055,18.22878222
GRO,-98.24246667,16.79242361
MEX,-98.70183417,19.80311083
NAY,-105.2977836,21.9486375
BC,-115.9390614,30.55648528
MEX,-99.81244639,19.77948917
MEX,-99.55547778,19.45357361
SON,-109.6867978,27.06229194
CHIS,-92.68916667,16.7875
MEX,-99.82070889,19.75488139
PUE,-98.46096861,19.24583556
NL,-100.1460194,25.98345556
MEX,-99.5509325,19.33759806
PUE,-98.70104056,18.43036056
GRO,-100.5785128,18.46524444
MEX,-99.49299694,19.38010667
VER,-97.63274944,20.74973306
YUC,-89.39297083,20.38770139
VER,-96.17250222,19.13172833
VER,-96.65708611,19.3655475
PUE,-98.15691722,18.94194306
HGO,-98.83363611,20.10177583
HGO,-99.24156083,19.97490556
CHIS,-93.41122194,16.85319639
OAX,-96.76449,17.14550556
OAX,-96.70765028,16.95828139
PUE,-97.69365917,19.96621222
ZAC,-102.2770253,23.08412861
MEX,-99.59709056,19.23941806
QRO,-100.4691506,20.8216125
MEX,-98.91949056,19.23568806
MEX,-99.58129111,18.95577639
CHIS,-92.45387972,17.24665222
BC,-116.2505556,32.48416667
VER,-96.09428083,18.19086389
GRO,-98.60109083,16.73296028
PUE,-97.96691806,19.05546944
MEX,-99.91533778,19.93725194
VER,-96.24059083,19.04202639
MEX,-99.05424472,19.793025
TLAX,-98.46407528,19.37297806
MEX,-99.99505028,19.44187556
MEX,-99.66791944,18.96111917
VER,-95.98563528,18.72430556
GRO,-98.51323889,17.67006389
OAX,-96.55873861,16.90662056
CHIH,-107.6345708,27.75249528
MEX,-99.60865028,19.72175472
HGO,-98.7031,20.03698917
HGO,-99.32903583,20.17337111
AGS,-102.3406153,22.17641611
HGO,-99.20238306,20.11535333
JAL,-102.6177669,21.01059806
VER,-97.13402361,18.92761917
HGO,-98.40115167,20.12031222
TLAX,-98.30866917,19.23716833
TLAX,-98.19984611,19.20077611
MEX,-99.57314667,19.50495806
JAL,-103.2416667,20.49916667
TLAX,-98.29572833,19.23163944
SON,-114.5009186,31.68994861
PUE,-97.97228917,19.96638806
PUE,-98.66075,18.48310389
CAMP,-90.69850139,19.52840917
CHIH,-105.3950767,26.93942583
VER,-96.61688139,19.50405111
CAMP,-92.22438667,18.61777917
TAB,-92.48084111,17.88458944
CHIS,-92.68037611,16.5447325
SLP,-99.39215972,21.92390167
MEX,-99.72449306,19.63550556
SIN,-105.7386372,22.53861306
PUE,-97.59505222,19.71017694
JAL,-103.3596592,20.53213778
MOR,-99.22570667,18.74380611
MEX,-98.78630111,18.98309111
MEX,-100.1480883,19.31953472
GRO,-99.26087639,16.98885444
OAX,-97.91634889,16.32904611
PUE,-98.41675667,19.14158417
MEX,-98.87195528,19.50484111
HGO,-99.18856889,21.00829639
CHIS,-92.31388611,14.86679222
AGS,-102.3000617,21.96347194
TAB,-93.16336556,18.13399111
COAH,-103.7897217,28.04192389
VER,-96.22800722,19.14350972
MICH,-101.0593592,19.96504139
HGO,-98.73160583,20.04897583
VER,-97.58627056,20.18473722
VER,-97.02182472,18.90516861
HGO,-99.09987306,20.16250167
PUE,-98.65829472,18.83431528
VER,-97.20192194,19.44645
MICH,-102.2878203,20.04246278
MEX,-99.34144583,19.37520694
YUC,-89.93344889,20.96191167
AGS,-102.3090181,21.94042583
NAY,-105.4169311,22.38517972
TLAX,-98.18401083,19.40501
PUE,-97.39799528,18.64216222
MEX,-99.33377639,19.40344361
MEX,-99.39320889,19.24269667
GRO,-99.47970306,17.7553775
TAB,-93.45414028,17.96801972
OAX,-97.83602583,16.33443361
COAH,-101.5920233,27.02903056
CHIS,-92.72734028,16.73045889
MICH,-100.1644572,19.95526917
ZAC,-102.7400131,22.99512333
HGO,-99.24012333,20.14000917
QRO,-100.3218575,20.56921194
MICH,-102.5393208,19.16128944
TAB,-93.03697389,17.94031417
VER,-97.06942472,18.72980528
MEX,-98.90415806,19.66626278
CHIS,-92.92529,16.8909925
PUE,-97.43974,18.49631972
VER,-97.99700389,22.21998722
CHIH,-107.738655,29.35701917
SON,-110.9544314,29.68468861
SIN,-108.9545858,26.22711778
HGO,-98.69427972,20.09833861
AGS,-102.2172828,21.88937472
MEX,-99.15813972,19.63060944
CHIS,-92.40792944,16.47492917
OAX,-96.66723472,17.070895
SIN,-107.5342997,24.82196278
GTO,-101.4494553,20.97780639
TAB,-93.07365389,18.21028833
YUC,-89.51507611,21.13728944
CAMP,-90.51218806,19.49977278
VER,-97.12726222,18.89347
CHIS,-91.83376444,16.11594583
PUE,-98.16203806,18.97708528
TAB,-93.50148639,17.96698583
MOR,-98.97027806,18.86567917
TLAX,-98.14823806,19.29521694
CHIS,-92.48005972,14.88885444
GTO,-100.9375678,20.22628583
MEX,-99.04697389,19.76614139
MOR,-98.77530333,18.75371972
OAX,-96.43968361,16.80281694
VER,-97.18407556,18.72524528
BC,-115.9997764,30.70111083
GRO,-99.73013806,16.82251528
MEX,-99.11932472,19.704265
YUC,-89.66132972,20.82526972
GTO,-100.9262364,20.53136917
CHIH,-105.8500803,26.85899444
PUE,-98.15230944,18.99806639
PUE,-98.01769556,18.41271778
MEX,-99.618555,19.67442167
GTO,-101.2910069,20.57105194
MEX,-99.01253833,19.42171278
JAL,-102.9402778,19.93361111
MEX,-99.58367778,18.96337917
VER,-97.01026056,19.03153944
TAM,-99.0812625,26.39439444
MICH,-102.2470556,19.9823325
MEX,-99.4907925,19.96849778
MOR,-99.2672025,18.65464806
MICH,-102.2527378,19.65016917
MICH,-101.6465525,18.66455778
GRO,-98.60644917,17.47087528
VER,-95.0262525,17.43492694
MICH,-102.0684358,19.84735444
TLAX,-98.39408528,19.2794375
NAY,-105.0987636,21.48096111
PUE,-98.32903333,19.110695
MEX,-99.76207139,19.6812375
YUC,-89.24509917,20.81624
OAX,-96.72797361,16.90534194
TAB,-93.49736417,18.11149583
MEX,-99.608885,19.41612417
MICH,-100.6177419,19.53762139
VER,-97.52446417,20.49780583
PUE,-97.45742944,18.71515528
TLAX,-97.79653194,19.43136417
OAX,-98.01519861,16.45218639
MEX,-99.88818278,19.58268472
MICH,-101.1980617,19.75135694
JAL,-103.40335,20.52924722
MOR,-98.99735222,19.00792694
GRO,-99.54354528,18.60158667
QROO,-88.59238556,19.58606667
MEX,-98.91530444,19.52981611
PUE,-97.90396611,18.93619611
CHIS,-92.62614806,16.89427694
TAM,-98.48570444,24.21449333
NAY,-105.0658897,21.83526778
TAB,-92.99914444,17.9703425
MEX,-99.33918556,19.63771472
HGO,-99.32559722,19.82196194
GRO,-99.1454425,17.61125056
MICH,-102.1945664,20.16261556
ZAC,-102.4246586,22.78578972
COAH,-103.1406678,25.48940889
GRO,-98.68043333,17.88518278
CHIS,-93.32055778,16.42666944
SIN,-105.9730811,22.89022028
GTO,-101.3594725,21.79867417
MICH,-102.5610575,20.27123417
QRO,-100.5074503,20.66340444
CHIS,-92.10522306,15.03053833
BC,-116.5795778,32.09698472
CHIS,-92.720025,16.57049306
CHIS,-92.81912306,17.37284833
SON,-110.0826747,27.55057833
PUE,-97.8521375,20.73369417
MEX,-99.6798225,19.77246278
MOR,-99.17436694,18.93191833
MEX,-99.81984639,19.29270889
TAB,-93.25620722,17.99036694
VER,-97.85050639,21.66126056
OAX,-96.41001611,16.31840806
SON,-110.1433344,27.51520556
GRO,-100.3908211,18.16126667
VER,-96.95027972,19.61130389
MEX,-98.89759889,19.58912083
TAB,-93.50625778,17.93132583
PUE,-97.85490472,18.85452861
OAX,-95.06133111,17.1396875
MEX,-98.8081425,18.96695472
NAY,-104.4252442,21.10281528
MICH,-102.1304669,19.65538139
JAL,-103.8580556,20.08861111
GRO,-100.4782533,18.40867444
GRO,-99.56453417,18.56467444
MICH,-100.3392819,19.58384778
CHIS,-92.75076306,15.8067025
CDMX,-99.03142222,19.1763225
JAL,-102.3791667,20.87777778
MOR,-98.77506444,18.91338444
CHIS,-93.12683639,16.4575825
MOR,-98.7704975,18.61274056
MEX,-99.36302222,19.49596
MICH,-102.0537603,19.85668056
VER,-96.21579889,19.20842444
VER,-97.15591972,18.81657722
HGO,-99.20102639,19.99251056
PUE,-97.71384167,18.99695639
JAL,-104.6805556,19.20805556
OAX,-95.15987778,16.49030361
VER,-94.45133278,17.27602361
MEX,-99.71001944,19.34620917
OAX,-98.15609194,16.61373389
GTO,-100.8382403,20.58174944
PUE,-98.53924639,19.29222
MICH,-102.0040742,19.44589583
MEX,-98.91233861,19.45933778
MEX,-99.35740583,19.36322694
ZAC,-103.5616431,22.30278472
QRO,-100.1096519,20.41204111
BCS,-110.1675286,23.36417417
GTO,-100.8054989,20.28323278
PUE,-97.39764,19.80075278
GTO,-101.3062158,20.85650139
SIN,-108.8326447,25.76507389
PUE,-98.44009,18.57306639
GTO,-101.5204006,20.64637806
PUE,-97.16592194,18.29324083
TAM,-98.55557167,22.65509056
HGO,-98.58353222,20.89717778
MEX,-98.74719417,19.54155583
CAMP,-89.74805333,20.00434444
VER,-96.95582667,20.13665389
OAX,-97.26935972,16.22557111
MEX,-99.06510278,19.69355056
HGO,-99.36995944,19.99485333
PUE,-97.72674167,19.97863833
SIN,-109.0171067,25.83998944
DGO,-103.6755519,25.46422306
OAX,-96.71319611,16.98888222
PUE,-97.97000583,19.97827528
PUE,-98.17729694,18.90750083
NL,-100.127375,25.67474167
COAH,-103.2997375,25.59124667
MEX,-99.66408611,19.45014889
JAL,-103.8127072,19.54814194
MICH,-101.0948689,19.83610444
PUE,-97.42209583,18.73699389
GRO,-101.6360858,17.73877722
QRO,-100.3361044,20.76437306
YUC,-89.31696111,20.74148417
VER,-96.862285,18.8790475
OAX,-96.82400167,17.17799
YUC,-89.513505,20.81050806
MEX,-99.58942778,19.35933222
TLAX,-98.04328361,19.39766306
MEX,-98.85674167,19.83671806
BC,-115.0003903,32.57028278
GTO,-100.6563914,20.48567028
MEX,-99.02660083,19.81259389
MICH,-101.6329386,20.15010861
SIN,-107.5510183,25.36265167
JAL,-102.3513889,21.2525
OAX,-95.43241944,17.44903611
MEX,-99.20581417,19.84170639
CHIS,-93.52671111,15.88061389
GTO,-101.2783206,20.93082194
OAX,-96.82075694,17.17168417
MOR,-99.36697194,18.73318444
TLAX,-98.37510583,19.30758167
YUC,-88.27026694,20.53708861
JAL,-103.5400583,20.73948611
VER,-98.00595194,21.23763444
NL,-100.1416333,25.84063361
NAY,-105.3826822,20.75023028
OAX,-96.76442417,17.18908306
GTO,-100.5305389,20.53404722
MEX,-99.69176639,18.94883556
MICH,-101.9891667,20.29833333
DGO,-104.6980922,23.96140278
TLAX,-98.19682167,19.33226028
GTO,-100.7626878,20.14404083
VER,-96.18034111,19.08662
MEX,-98.89274222,19.56908333
HGO,-98.7986425,20.02574056
TAB,-93.02811944,17.60904139
MICH,-101.1269908,19.01730833
PUE,-97.66722222,18.90083333
MEX,-99.41510778,19.57686417
PUE,-97.53133528,19.10040639
MEX,-99.92529444,19.65843
SON,-109.9851914,27.511265
TLAX,-98.16176139,19.28681333
MEX,-98.90287306,19.54726833
HGO,-98.666435,21.16591306
MEX,-99.43003972,19.13622417
OAX,-95.09509417,16.96282889
YUC,-89.12523167,20.93463417
VER,-97.19914333,18.81351722
SIN,-107.5539931,24.7735225
PUE,-98.47245972,19.26478194
MICH,-101.127595,19.68786111
YUC,-89.48121111,21.15300028
ZAC,-102.9631544,23.45107972
GTO,-101.0399403,20.46135028
VER,-94.64651639,17.77101667
MICH,-102.5463533,20.27527611
QRO,-100.4093456,20.5331825
TAB,-93.2560425,18.23661083
MEX,-99.05054333,19.72328778
MICH,-101.9394367,19.57181778
OAX,-96.68039611,16.74219
CHIH,-105.4926986,27.85594361
MEX,-99.64879611,19.38938111
QRO,-99.89954111,20.43547528
QRO,-100.2159272,20.50483667
JAL,-103.6141667,20.52222222
MEX,-99.91783083,19.64537917
MEX,-99.82554722,19.59705806
CDMX,-98.97056083,19.208455
COAH,-103.3812494,25.63438222
PUE,-97.59809083,19.85831472
GTO,-100.5471586,20.495455
PUE,-98.45468778,18.66664583
HGO,-99.36494528,19.90091111
NL,-100.4240339,25.8444425
PUE,-97.93962556,20.0947675
GTO,-101.0058997,20.28101583
GRO,-99.00154556,16.74900278
GRO,-98.93490778,17.71408889
BC,-115.9184164,30.47635528
DGO,-103.9218697,23.62216306
CHIS,-92.01820917,15.68401722
TLAX,-98.28270222,19.24015361
VER,-95.17775806,18.42894611
GTO,-100.8401561,20.70577361
YUC,-89.10234139,21.15810278
TAB,-93.48998389,18.17623583
MICH,-101.0727428,19.96160417
JAL,-102.1158333,21.67583333
TLAX,-98.26261722,19.24171194
GTO,-100.7678475,20.62747472
PUE,-98.33148639,19.00519306
CDMX,-99.24048778,19.23822111
ZAC,-102.7231256,23.07573611
HGO,-98.9045875,21.15941778
JAL,-103.5258333,20.76722222
VER,-96.96129472,19.21128583
HGO,-98.20313056,20.1967975
GTO,-100.8504758,20.49662583
SIN,-108.4110203,25.53926778
MEX,-99.89134472,19.46047667
VER,-96.72699944,18.64280778
TAB,-92.97814944,18.16650111
TAB,-92.88539306,18.06280139
NL,-99.18123333,25.79329722
TLAX,-98.16672139,19.28205722
CHIS,-92.3627175,17.2469875
ZAC,-103.4554978,23.95905722
HGO,-99.31255611,20.55177222
ZAC,-102.6054256,22.82674028
GTO,-101.19168,20.89864472
HGO,-98.76432028,20.05464972
MOR,-98.9017575,18.71880639
TAB,-93.369635,18.18053
VER,-97.65860639,20.89087056
SIN,-108.4811208,25.72955444
JAL,-103.5966667,21.98305556
OAX,-96.84311444,16.68566556
MICH,-101.9015519,19.62997028
PUE,-97.57472806,18.83009306
GTO,-101.0340042,20.33554917
GRO,-98.40709944,17.19537222
ZAC,-102.7858381,23.19057278
VER,-95.20149861,18.38880667
NAY,-104.7511097,21.22190611
MICH,-100.5888875,19.88403667
HGO,-99.269615,20.01131639
TAB,-93.90825,18.17734194
PUE,-97.39987556,18.50430417
MEX,-99.60708806,19.97843417
MOR,-99.32573972,18.86073083
TAB,-93.43539528,18.01517528
YUC,-89.59116528,20.49582917
DGO,-103.3572222,24.47544389
MEX,-98.89019333,19.50176361
MEX,-99.77169417,19.358855
HGO,-98.16417083,20.15533667
CHIS,-92.31598778,17.27846333
MEX,-99.19223917,19.94985528
HGO,-99.24853972,20.18748333
PUE,-97.61762778,19.52526278
MEX,-99.70463389,19.40026056
JAL,-103.38,20.09333333
MEX,-99.19462111,19.74822972
MEX,-99.16350889,19.68509222
GTO,-100.4948553,20.58162639
MEX,-98.90315278,19.22814
ZAC,-102.9924903,23.3444425
MEX,-99.44541583,19.37304611
JAL,-103.4772222,20.3275
VER,-97.09905833,18.80574556
MICH,-100.2855114,19.61983306
MEX,-99.74401472,19.56367417
MEX,-99.70314444,19.56918194
MEX,-98.80250556,19.12722139
MICH,-101.7492928,19.92226639
TAB,-93.44894778,17.922255
QRO,-100.2389681,20.77103583
OAX,-96.67312889,16.32243667
PUE,-97.46644611,19.87089528
MEX,-99.33660194,19.69604667
GTO,-100.9952256,20.17240694
MEX,-99.57215639,19.51659556
VER,-95.9476275,18.23088556
PUE,-98.50341306,19.21372778
CAMP,-90.76147667,18.52931806
MOR,-99.17993417,18.7690775
TLAX,-98.19096556,19.34769611
QRO,-99.94108972,20.74044444
MOR,-98.7696725,18.74427028
COAH,-103.3267542,25.64200417
YUC,-89.21517111,20.46874417
MEX,-99.37515972,19.68431806
VER,-96.91747389,19.40942167
CHIS,-92.71325833,16.88444611
OAX,-96.03155111,16.78319972
DGO,-104.0184019,24.27588806
MEX,-99.45207833,19.33069361
VER,-96.16621306,18.35394028
MICH,-101.6181036,19.56551472
JAL,-103.8491667,20.68527778
MOR,-98.99313194,18.71777361
JAL,-105.0988889,20.82277778
JAL,-103.1877333,20.56293611
GTO,-100.6330453,20.50706583
HGO,-98.65618778,21.17375111
CHIS,-93.105235,16.967255
JAL,-103.6875,20.03277778
MEX,-99.53532861,19.47087333
PUE,-97.78186528,18.87760917
VER,-95.14008,17.88605222
MEX,-98.70954417,19.77879833
AGS,-102.3300094,21.94354583
PUE,-97.86621389,18.92247167
DGO,-104.1292203,26.52641833
TLAX,-98.15997056,19.40083889
PUE,-97.5842475,18.58113972
GRO,-99.66754889,16.81889389
GTO,-100.3644444,20.19861111
ZAC,-102.7630089,22.61891444
MICH,-101.1622292,19.04329667
HGO,-98.20324417,20.15869333
MICH,-100.4327914,19.31227583
AGS,-102.2763247,21.95646278
QRO,-100.2159311,20.47657611
MEX,-99.76265694,19.50904778
MEX,-99.97048611,19.56273028
HGO,-98.92620778,19.89616833
SLP,-99.39451389,21.95802
TAB,-93.4179925,17.83553056
MICH,-102.2200481,19.14577306
OAX,-96.30291972,16.79740472
VER,-96.27336028,19.20832056
DGO,-104.1138031,25.22777667
CHIS,-92.17598333,14.7778375
AGS,-102.2507297,22.22824861
VER,-95.14268444,18.15185806
OAX,-96.82009417,17.06327611
MEX,-99.16897222,19.72507333
HGO,-99.22911306,20.03460139
VER,-97.01210361,18.78226
MEX,-99.88838278,19.82565056
JAL,-103.3375,19.69527778
AGS,-102.0188494,22.19439528
OAX,-96.13327083,17.67670861
VER,-94.56714667,18.02842028
MEX,-99.96642972,18.85854583
MEX,-99.15727056,20.00109806
MEX,-99.79876556,19.35657806
QRO,-100.3779711,20.86640028
MICH,-102.2215483,19.79692667
MICH,-100.9260956,19.79446417
CHIS,-92.8049875,17.1319975
TLAX,-98.33767083,19.22056111
MEX,-98.89991694,19.68748639
HGO,-98.44054972,21.13381889
DGO,-103.6591006,25.50130778
TAB,-93.36531889,18.03264944
MICH,-102.2880842,19.80437028
QRO,-99.97621444,20.44695583
GRO,-99.18268278,17.50186194
YUC,-88.31393833,21.15616556
VER,-95.84139028,18.30533639
PUE,-98.23684028,19.11198806
DGO,-105.9544319,25.93166194
MEX,-99.838505,19.55454861
MEX,-99.61135556,19.46327806
PUE,-98.52983556,19.29374194
TAB,-92.954925,18.02161556
VER,-95.34952083,17.89048417
PUE,-97.36916556,19.82965278
JAL,-105.3238889,20.31833333
MEX,-98.74611778,19.85520028
BCS,-111.9814006,26.891565
HGO,-98.939105,19.89117528
GTO,-101.3144231,20.90222028
MEX,-98.90259528,19.49731111
MEX,-99.55878639,19.22945889
MICH,-101.5769511,19.62543806
MEX,-98.86112,19.88339806
GRO,-98.42843333,16.73779806
GTO,-101.5778589,20.95914417
MEX,-99.60746361,19.34023028
AGS,-102.2006561,22.00060361
OAX,-96.72241389,16.80426306
VER,-96.966655,18.91464111
JAL,-103.7708333,20.60861111
MOR,-98.72915556,18.540185
MEX,-98.81537972,19.52334861
ZAC,-103.8840458,23.47735
GRO,-99.16604417,17.41128389
TLAX,-98.11106639,19.32888194
JAL,-103.3022222,20.195
YUC,-89.82973139,20.93205167
HGO,-99.02358667,20.24169667
MEX,-99.54011472,19.01172194
MEX,-99.76951083,19.53985167
HGO,-98.28682083,21.03138667
CHIS,-92.02651111,16.47156722
VER,-95.17805333,18.43591861
MEX,-98.86299917,19.26904944
MEX,-98.75833028,19.72445806
PUE,-98.48428667,19.15223694
MEX,-99.35353583,19.42708278
VER,-97.57551333,20.14084528
MEX,-99.1724825,19.6872625
QRO,-99.92786583,20.49525389
VER,-97.34023583,20.40283806
QROO,-88.13603222,19.84386278
GRO,-99.32976111,17.02127722
MEX,-98.78476694,19.69333194
JAL,-101.7525114,21.50380778
VER,-94.90054194,17.963765
MEX,-99.51300917,19.43018306
BC,-115.1906692,32.40997444
COL,-103.9560733,18.96325583
MICH,-101.5837508,19.82098361
MEX,-100.1069481,19.38852
VER,-97.223025,19.64888639
OAX,-95.99916361,16.66157806
CHIS,-93.15902194,17.13079139
VER,-97.21340306,19.67780806
SIN,-108.9324342,25.74121889
YUC,-89.64325944,20.3288975
CHIS,-92.42629278,16.292225
JAL,-103.3936111,20.29027778
DGO,-104.5728761,24.10059694
JAL,-103.2116667,22.36222222
MEX,-99.631445,19.19506167
ZAC,-102.4739453,22.73163389
BC,-114.9322092,32.60609694
QRO,-99.89905361,20.85904417
VER,-97.21555556,19.59583333
MICH,-102.032195,19.38317389
MEX,-99.63771972,19.38216083
AGS,-102.2757117,21.95891944
MEX,-99.09854167,19.8203625
HGO,-99.26770611,20.46899222
MOR,-98.76542306,18.78439306
MEX,-98.90475444,19.44191972
SLP,-99.30431556,21.95978111
GRO,-98.93323222,17.56367917
MEX,-99.25855111,19.83560611
TAB,-92.97819944,17.943715
MOR,-99.14462722,18.67938694
MICH,-102.3450575,19.69169694
MICH,-102.4818653,19.57264667
MEX,-99.637575,19.38585417
YUC,-89.44190278,20.97816833
SLP,-98.82680333,21.33750444
MEX,-98.88082917,19.46432611
SLP,-98.50545056,22.17684556
GRO,-99.16869333,17.65717944
NAY,-105.2041303,22.12254528
NL,-100.2461139,25.82501111
VER,-96.78620306,18.74730528
MEX,-98.86833333,19.51083333
GRO,-98.68639306,16.81609
MICH,-101.2693269,19.66804556
VER,-96.90373056,19.60707194
JAL,-103.9708333,19.78416667
PUE,-98.3143725,18.11096028
MEX,-99.09752889,19.86737306
MEX,-99.08303222,19.72194444
SLP,-100.7131708,23.67535139
VER,-94.45641639,18.09977083
QROO,-88.93197806,18.45853583
GRO,-98.65688194,16.952725
GRO,-98.45527972,17.19296694
HGO,-98.26929444,20.15580139
NAY,-104.5179425,22.251125
GTO,-101.4631192,20.65840889
GTO,-101.560335,21.11196306
MEX,-99.71485972,19.32612194
OAX,-96.38342333,16.86609944
SIN,-109.0547903,25.96473611
YUC,-90.10961222,20.50614889
OAX,-96.70308917,16.91965861
GTO,-101.0026225,20.53902444
MICH,-102.2382839,20.06546722
GRO,-100.9758561,18.4791325
TAM,-99.02363028,23.31896
SON,-109.5201064,26.70495333
PUE,-98.57216611,18.89292444
MEX,-99.55418806,19.1828475
BC,-115.9164517,30.508735
CHIS,-93.00838194,17.29327083
VER,-95.54381222,17.78286917
OAX,-97.07949917,16.09442278
MEX,-99.14678972,19.75823111
MEX,-98.76104306,19.50134583
VER,-95.43706472,18.46744028
VER,-94.90975833,18.25885778
VER,-96.86985556,19.70745944
NAY,-105.319985,22.63726083
MICH,-100.7364539,18.90048944
TLAX,-97.95472,19.46962944
OAX,-95.08486972,16.29877972
YUC,-89.25579472,20.875535
GTO,-101.3040736,20.71060556
GRO,-100.2278272,17.34275861
VER,-96.92456611,18.81679361
PUE,-97.21040361,20.12990528
COAH,-102.3974047,27.311215
OAX,-95.26047333,16.37370833
MEX,-99.38634889,19.51579361
SIN,-106.7817875,23.72184333
MEX,-98.90768861,19.54116472
GTO,-100.3204231,21.04137389
ZAC,-102.4844628,22.93842
TLAX,-98.27158389,19.383285
MICH,-102.4843969,20.15220778
CHIS,-92.32286,15.557185
TAB,-91.78151583,17.85662167
PUE,-98.4953225,19.17258833
MOR,-99.1861575,18.98225722
GTO,-101.9376825,20.39653778
HGO,-98.78873028,19.98203778
CHIS,-92.99708056,16.13666944
TLAX,-98.05586056,19.59850528
OAX,-95.76168028,16.97548667
GRO,-99.66119,18.23586639
PUE,-98.53456306,19.38094
QRO,-99.9569325,20.14439278
JAL,-103.3891278,20.55727778
MEX,-99.59490611,19.47001389
SLP,-101.0533347,22.19209444
MICH,-100.1735928,19.80530417
CHIS,-92.44425278,16.84797222
ZAC,-102.5026381,22.83019528
CHIS,-92.02384111,16.25415167
PUE,-97.6770875,18.66710167
MEX,-98.86756528,19.53740417
SON,-110.3895825,29.42807667
PUE,-98.48634611,18.78679556
VER,-96.88638889,19.49611111
TLAX,-98.23603528,19.24556722
TAB,-92.9162925,17.87200778
MEX,-99.76298972,19.24902694
MICH,-102.761675,20.14870667
HGO,-98.99862417,20.25493972
MEX,-99.61359611,19.65005556
MOR,-99.1190875,18.76216
MEX,-98.89062083,19.62984111
VER,-95.217205,17.81125361
OAX,-95.60290944,16.39891694
MEX,-98.89942417,19.50792944
PUE,-97.70879417,18.9934075
GRO,-99.9609375,17.05637333
BC,-117.0260758,32.41706472
SON,-109.2333706,29.05633056
PUE,-97.60715528,19.75483361
MEX,-99.76461222,19.3682225
MEX,-99.34439806,19.47556222
TAB,-93.37448417,18.19543167
OAX,-96.10870167,18.09181944
TLAX,-98.25710389,19.27984528
HGO,-99.3467525,20.1232025
QROO,-88.25640861,20.24137472
VER,-96.94832083,18.91942472
JAL,-103.4467369,20.85538528
PUE,-97.9227625,19.0734475
OAX,-96.68552861,16.68512806
YUC,-88.09994056,20.61735528
GTO,-101.6977647,20.978745
MEX,-99.87737083,19.59831472
SLP,-102.0832058,22.8657975
MOR,-99.16646722,18.92728139
HGO,-98.91104556,20.22142389
MEX,-98.79299222,19.65644722
YUC,-89.03651917,20.79644
CAMP,-89.601485,19.58015944
CHIS,-92.69724167,16.39566667
MEX,-98.88560361,19.49090194
GTO,-101.3708469,20.52595722
GTO,-101.496635,20.949725
JAL,-103.4551186,20.80922972
SLP,-100.8603906,21.94329806
MICH,-100.4791006,19.6974875
SIN,-106.2456489,23.14112444
YUC,-88.09057611,20.85184472
MEX,-99.54816944,19.05977806
TAB,-92.84457,18.38307056
HGO,-99.6700425,20.33765722
VER,-97.1224475,18.86874167
MEX,-99.21426389,19.83747194
MEX,-99.55235639,19.21356806
CHIS,-94.06471361,16.17163417
MOR,-98.8340375,18.65005167
PUE,-97.32861333,19.77629333
CHIS,-92.42162056,15.14606333
JAL,-104.6855556,19.23055556
MICH,-101.1283619,19.77301611
MEX,-100.0348372,19.86245944
ZAC,-102.4934972,22.65255778
MEX,-99.85189139,19.79035778
JAL,-103.4143269,20.45470944
PUE,-97.51129278,19.30675389
GRO,-98.63671361,16.62707056
MICH,-101.5938353,19.48957667
JAL,-104.0962492,20.08385556
OAX,-96.06325222,17.09753694
PUE,-97.32738778,18.89738194
NL,-100.5027056,26.53466389
PUE,-98.14991028,20.27572611
COAH,-102.8063503,25.34360528
VER,-97.54885778,20.27596028
CHIS,-92.28943333,16.97957417
GRO,-99.25463778,18.02819528
PUE,-97.82334056,19.01606556
CHIS,-93.01263917,16.94596611
CHIS,-92.68593194,17.17323167
VER,-96.06088806,18.80216139
QRO,-100.1629939,20.55042028
MEX,-99.68385028,18.96183361
MICH,-101.9686606,19.59461306
YUC,-87.56419361,20.99360389
PUE,-98.75650778,18.45267944
VER,-96.81880833,19.74209611
JAL,-104.0502778,21.05805556
CHIS,-93.13007833,17.34040056
TAB,-93.62393889,18.0679725
YUC,-89.27126722,21.20334889
MOR,-98.83130694,18.52382861
GRO,-98.64025861,16.79860861
TAM,-99.08361722,22.54942
SLP,-100.2666489,22.32320944
MICH,-102.5794281,19.09560889
CAMP,-92.09090167,18.25359833
PUE,-97.97141222,20.17499
HGO,-98.95503806,20.19691167
TAB,-92.88185083,18.0085375
QRO,-99.87099167,20.30196694
PUE,-98.42449333,18.93230472
OAX,-96.17053667,17.9453525
HGO,-99.81132444,20.38311722
TLAX,-98.04682889,19.42032944
MEX,-98.76143278,19.32473361
JAL,-104.1975,20.79
VER,-94.13408417,18.16554778
MEX,-100.2561158,19.07445722
TAB,-92.95014278,18.40066722
HGO,-98.41177806,20.06518972
CHIS,-93.79143167,16.60406889
YUC,-89.30881389,21.21150306
CHIS,-92.2162125,16.81866472
MEX,-99.29059722,19.497595
SIN,-108.7159217,25.627005
ZAC,-103.4620394,21.46409139
GTO,-101.4840319,20.98442889
DGO,-103.3826356,25.69305333
YUC,-88.31713861,20.7177875
GRO,-102.1094019,17.98049444
VER,-96.86922389,18.77351
PUE,-98.50513028,18.54117083
MEX,-99.77330917,19.56434361
MEX,-99.74174611,19.552095
JAL,-103.5063889,19.44611111
MEX,-99.60243833,19.7252525
VER,-95.53187889,18.59024028
MEX,-99.32765167,19.64254056
TAM,-99.22763,26.56635111
MICH,-101.7448367,19.77082694
YUC,-89.18371944,20.83348889
COAH,-101.1788717,27.92431556
TAB,-93.20499889,18.34824611
SIN,-107.5240789,24.91429944
GRO,-99.63938806,17.81332167
CHIS,-93.22222,16.87694
MEX,-98.7950425,19.05443639
DGO,-103.4667492,25.67883139
CHIS,-93.43825944,16.4670575
OAX,-96.51062222,18.14566028
MEX,-99.5715625,18.99575694
VER,-96.70031833,19.56418194
VER,-94.99764778,17.94144222
SLP,-98.56438111,22.06226444
GRO,-98.71346278,17.46184472
QRO,-100.1039908,20.61154111
QRO,-99.98192889,20.54898389
MICH,-101.4693689,20.27862972
TAB,-93.6000275,17.97213611
JAL,-103.8613069,20.38187139
VER,-94.95044556,18.17892194
VER,-94.63985861,17.97704306
MEX,-100.0020303,19.69430944
OAX,-95.78231028,17.16400222
OAX,-94.823255,16.43668222
PUE,-97.54088806,20.02935111
VER,-97.15410361,18.77746972
HGO,-99.20514611,20.05712472
GTO,-101.2670944,20.57617833
AGS,-102.3332222,22.24845222
MEX,-98.94743028,19.35801306
MEX,-99.90270611,19.45643056
MEX,-98.76890861,19.78284889
SIN,-107.3770819,24.44809028
MICH,-102.6151536,19.99148694
PUE,-98.06727833,19.09485028
MOR,-99.22503722,18.76952306
MEX,-100.0138011,19.45692111
CHIS,-92.20293611,14.90254778
NAY,-104.8598306,21.427435
PUE,-97.01725889,18.33572694
TAB,-93.00218417,17.92421056
MEX,-99.16623556,19.775435
TAB,-93.43890694,18.04988667
MICH,-100.2783111,19.56337972
HGO,-98.73709611,20.07651361
VER,-95.43658194,17.64139417
MEX,-98.86214167,19.533305
NAY,-105.4401656,20.86950806
MICH,-102.3501489,17.98230861
GRO,-98.30446361,16.65592389
PUE,-97.60661722,20.06395806
VER,-97.11026389,19.8944225
PUE,-98.16240028,20.30126389
NAY,-105.2786908,21.86464639
PUE,-97.56149806,18.55506861
CHIH,-106.2967872,31.58197056
PUE,-97.81194306,18.95723861
HGO,-99.17096333,20.44480528
BC,-115.7341814,31.40447806
VER,-96.20868778,19.20870917
MEX,-100.2592625,19.31249639
MEX,-99.27831583,19.48469
TAM,-97.77663722,25.77573444
MEX,-99.21666306,19.751205
ZAC,-102.0944222,22.73089583
MEX,-99.59083333,20.06694444
HGO,-98.58605583,21.10350111
QRO,-100.4802778,20.69388889
MEX,-99.95534333,19.63228972
SLP,-99.02681806,21.63785778
SON,-110.8858081,29.18065778
GTO,-101.3617908,20.93650833
TLAX,-97.91720056,19.55880583
MICH,-101.6775,19.56083333
TLAX,-98.20286778,19.33262083
AGS,-102.2071547,21.86045278
CHIS,-92.55172,17.28348417
VER,-96.19969528,19.1393075
MEX,-99.02234639,19.77374083
MICH,-101.9336714,20.10446833
TAB,-93.0627825,17.96941778
GTO,-101.84608,20.98000139
CHIS,-93.41622139,16.3461625
SIN,-109.0200281,26.06418389
VER,-95.73460194,17.66373194
YUC,-89.88881556,20.8834175
VER,-95.11500944,18.11333833
MEX,-99.63479528,19.12556806
MEX,-99.64777778,18.94861111
PUE,-98.54153194,18.77070778
VER,-96.84955306,19.51463333
OAX,-96.48780167,17.33152861
PUE,-97.53627917,19.79817694
VER,-96.40304944,19.42546361
JAL,-102.7777778,21.26305556
QRO,-100.1568478,20.61473472
BC,-115.3093219,32.46593917
GTO,-100.6976372,20.58162778
CHIS,-92.27969111,15.83030778
AGS,-102.2777408,22.02983833
CHIS,-92.01636611,17.72832139
GTO,-101.300325,20.74573167
TAB,-92.75069861,18.14532389
QRO,-100.1092825,20.63987278
MEX,-99.13168833,19.87163139
BC,-115.0592736,32.3711675
MEX,-98.83401944,19.69106056
QRO,-99.90899111,20.37754889
GTO,-100.7996978,20.44163861
JAL,-102.9261111,20.46638889
VER,-96.47589222,19.50345444
COL,-103.6612231,19.27785583
YUC,-88.60442,20.96577167
YUC,-89.34578889,20.19578611
CHIS,-92.42521278,16.88541222
MEX,-99.70178417,19.4516125
SLP,-100.9286003,21.73581472
JAL,-103.2288442,20.430215
TAB,-92.81031222,18.34438778
AGS,-102.2997269,22.10542
GRO,-100.4407042,17.21544861
PUE,-98.06198972,19.09471806
TLAX,-98.14794972,19.34376222
VER,-97.13002417,18.91288556
CHIS,-93.20954528,16.31348306
VER,-97.05287472,20.046055
VER,-96.77414722,20.20919167
HGO,-99.23854667,20.01984306
TLAX,-98.31474472,19.33512389
YUC,-88.82720611,20.54912556
HGO,-98.63620917,20.01802167
CHIS,-92.6712075,16.33938778
GTO,-100.9653761,20.20536417
MEX,-98.85357167,19.80398556
GTO,-101.1502458,20.54811972
CHIS,-93.77964667,15.93303278
COAH,-100.9032283,29.02635611
TAB,-93.01463417,18.20445833
PUE,-98.55117444,18.94527389
MEX,-99.67106833,19.39536778
PUE,-97.79627,20.0028125
VER,-96.19088417,19.1825575
HGO,-98.81996694,20.07613556
TAM,-99.43805556,24.24694444
OAX,-95.02741944,16.20989694
PUE,-97.62259694,18.8770475
MEX,-99.67053028,19.65870972
COL,-103.8738147,19.08404194
MEX,-99.64915222,19.61350556
JAL,-103.1979283,20.62380222
GTO,-100.8827392,20.51526722
VER,-94.91381806,18.24233139
MICH,-103.6628772,18.68638278
HGO,-99.33888889,19.98888889
MEX,-99.95922472,19.50126139
MICH,-102.34695,20.09143639
HGO,-98.76414444,20.5947
TLAX,-98.19287667,19.35310722
MEX,-99.52899194,18.97852861
VER,-96.77185972,18.75385472
PUE,-98.71049,18.87560806
MICH,-102.5036206,19.09531833
NAY,-104.4053889,20.80778222
MOR,-99.26048,18.61179111
GRO,-100.6128083,18.28367444
MICH,-101.7319444,19.45388889
TAB,-93.49718139,18.06750333
GRO,-99.93267778,17.60457222
TAB,-93.56791722,18.17474778
CHIS,-92.04133583,15.59803722
TAB,-93.13813333,18.23330111
CHIS,-92.97517778,16.04003056
TLAX,-98.25695361,19.31322889
MEX,-100.0302906,19.24843389
VER,-96.84217472,19.69692417
QRO,-99.93764056,20.76709694
MEX,-98.90935167,19.52903056
MICH,-101.4379928,19.54648111
GRO,-98.51763222,16.41694972
GTO,-100.9203053,21.47284833
OAX,-95.15293444,16.24365722
GRO,-99.58459889,18.48525972
CHIS,-92.40218417,17.41581611
MOR,-99.21558111,18.61663028
MICH,-101.7602164,19.77712361
MICH,-100.7847522,18.59141083
GTO,-101.7389814,21.10816556
CHIS,-92.30306167,14.86927417
JAL,-103.7669444,19.61055556
MEX,-99.59250056,19.84573556
JAL,-103.4811069,20.48835583
VER,-97.06070667,18.9879475
YUC,-89.30251917,20.42953472
GTO,-101.0149011,21.68314639
MICH,-100.6620669,18.36621167
MEX,-98.91609972,19.23595556
MEX,-99.24643528,19.68691472
QRO,-100.1139317,20.52774917
PUE,-97.64677944,20.02493667
JAL,-103.2184119,20.68215194
VER,-96.43254,19.77179806
GRO,-100.5821692,18.27373556
PUE,-98.014305,19.83805111
JAL,-103.5494444,19.41083333
VER,-97.72866194,20.26060139
PUE,-97.54841194,19.16189667
DGO,-103.4879114,25.51555806
MEX,-98.785,19.09222222
DGO,-106.9666017,24.97031611
SON,-109.5894253,27.16019
MEX,-100.1315031,18.88201361
OAX,-94.61300417,16.56209333
PUE,-98.50395889,18.55139
TLAX,-98.22155833,19.39917667
VER,-97.01278722,18.82416333
NAY,-104.3582594,21.12258028
PUE,-97.47542083,18.32970889
GTO,-100.3923819,21.02212472
MICH,-102.1902514,19.69401
TLAX,-98.10312222,19.35580722
SLP,-98.67157556,21.20860056
MEX,-99.814745,20.22380944
OAX,-94.75700333,16.32053917
MEX,-98.78861417,19.57081083
GRO,-99.225875,17.50311944
MEX,-99.55524556,19.32853528
MEX,-98.86935444,19.48818333
QRO,-100.2582139,20.62251556
PUE,-98.35752083,18.98178944
YUC,-88.52782222,20.83986556
VER,-94.79233944,18.15720194
JAL,-105.1822222,19.67638889
CDMX,-99.17505806,19.13620222
YUC,-89.41923833,21.06347889
VER,-94.98779,17.38493611
GRO,-101.8056847,17.98233333
MEX,-99.72601444,19.49014639
GTO,-100.64281,21.04105278
CHIH,-108.1898497,30.8872575
GRO,-101.0409061,17.32366611
OAX,-96.66498056,16.53675889
JAL,-103.1905556,20.56916667
MICH,-102.0005414,19.59409889
MEX,-99.50188806,19.39224
CHIS,-92.61926,15.6939175
YUC,-89.36557944,20.47739806
MEX,-99.69407278,19.22667333
TAB,-93.23168917,18.37617639
PUE,-97.54590083,18.52357889
HGO,-99.17906556,20.19271472
MICH,-101.1547222,19.76694444
VER,-97.69292556,21.36167778
GRO,-100.5561753,18.24774583
VER,-98.00223889,20.55236306
PUE,-97.36144306,18.39810972
TLAX,-98.31976639,19.23004806
MICH,-101.9716742,18.88080472
MICH,-102.1132525,18.93089917
OAX,-96.54583194,16.95676333
OAX,-96.54101111,17.01552306
JAL,-103.7155522,21.01723222
TAB,-93.20488444,18.33468472
QRO,-100.0311739,20.4006875
GTO,-100.5408406,20.51325472
SIN,-107.9145517,25.05762583
GTO,-100.8958369,20.62011722
GRO,-99.223435,17.66405
OAX,-96.84495417,16.38688556
MICH,-101.215305,19.89382389
VER,-95.01528972,17.81001611
PUE,-97.06771,19.2002575
PUE,-98.53779444,18.69614417
PUE,-97.41052361,20.09715944
MEX,-99.04993667,19.81224972
GTO,-101.4736381,21.06598333
PUE,-97.38397056,19.79613389
DGO,-104.4592256,24.778255
VER,-96.11737556,18.97355639
PUE,-97.54437167,18.87557917
JAL,-105.3277778,19.94888889
PUE,-97.53253111,19.69662361
MEX,-99.89380028,18.86723278
TAB,-92.94293583,18.09491
GRO,-99.10780306,18.10434306
MEX,-99.52799528,19.42417167
VER,-97.42807361,20.48239722
JAL,-105.2480556,19.77055556
VER,-96.77622667,19.86618639
VER,-96.7618225,19.33168556
MOR,-98.99917694,18.62330833
TLAX,-98.46270222,19.58479556
PUE,-98.38331444,18.95677806
MEX,-99.47078361,19.39250556
PUE,-98.52652361,19.35929028
ZAC,-102.3243492,23.15851722
VER,-96.8782175,19.47588417
YUC,-89.10608389,21.01164722
MEX,-99.93655528,19.70143944
PUE,-97.20245611,18.53787167
CHIS,-93.33713639,17.40559111
NAY,-104.7191939,21.37270889
JAL,-104.5344444,19.62138889
MEX,-99.42575139,18.99137667
TAM,-98.07896028,25.01707917
MEX,-99.32454528,19.36147528
QRO,-100.5004497,20.73453222
TAB,-93.12048861,18.19569306
PUE,-98.49304139,19.26474056
HGO,-98.96249583,20.23459028
CHIH,-107.4711739,29.03245194
CAMP,-90.05599806,20.28886667
PUE,-97.41024278,19.80497778
TAB,-93.56300444,17.96816333
CHIS,-92.72705778,17.03466722
PUE,-97.84549222,18.88431167
JAL,-104.1522222,19.82444444
TLAX,-98.17764056,19.37257889
TAB,-93.19829361,18.052615
TLAX,-98.64816889,19.60074694
MEX,-99.61407861,18.94261444
YUC,-89.74644028,21.03173472
TLAX,-98.42380667,19.46229944
BC,-115.9785347,30.68278417
TLAX,-97.98319056,19.53876389
MEX,-99.65656667,18.94545417
GRO,-98.38388778,17.46352389
PUE,-97.97658083,20.19403694
GRO,-98.4766175,16.74371333
GRO,-99.31752139,16.94433083
OAX,-96.58155639,16.78194222
MICH,-102.0756517,19.84055306
TLAX,-98.05865389,19.40071306
JAL,-102.99,20.16638889
GRO,-100.1166217,17.21602528
PUE,-97.79533639,18.8276725
SIN,-108.8128147,25.69637361
QROO,-88.68133917,18.27404417
JAL,-103.1883133,20.53785389
MEX,-99.74660056,19.24399889
OAX,-96.45801139,18.50881639
GTO,-101.3676111,20.59417472
GTO,-101.8690464,20.99476
TAB,-93.22317222,18.37076056
GTO,-101.5471256,21.06911361
TAB,-93.28085,18.21387333
MEX,-99.63315889,19.14429139
TAB,-92.77896972,17.45988028
BC,-116.2102992,31.07036056
MEX,-99.50397306,18.99557139
MICH,-101.1662064,19.6467425
TAB,-92.98991583,17.91275528
MEX,-99.64880944,19.39969611
HGO,-98.99348361,20.30225861
MEX,-99.77562167,18.71867028
SLP,-100.6788636,22.44869278
GTO,-100.7488911,20.46876639
NAY,-105.5386608,22.36245056
TAM,-99.12182667,24.08399167
OAX,-96.41911389,17.01886722
JAL,-102.9283047,20.39045139
MEX,-99.56109194,19.95069444
TLAX,-98.347395,19.29340694
CHIS,-92.83253222,16.09618944
SLP,-98.81511444,21.56035167
PUE,-97.43135333,19.06837944
HGO,-98.24429417,19.99723917
JAL,-101.9733333,21.32111111
HGO,-98.50779583,21.05327556
VER,-96.94023167,19.07027778
MICH,-102.0793839,19.73882806
TAB,-93.19411833,18.16570361
HGO,-98.80099667,20.159715
PUE,-97.66596917,19.98781139
MICH,-102.6226981,20.14885833
VER,-97.27967861,19.699985
MEX,-99.35921222,19.43224
VER,-97.39851444,20.25942833
NAY,-105.3270467,21.679675
OAX,-97.49246972,16.293125
MEX,-99.92308389,19.87858083
HGO,-99.33357333,20.17011583
MEX,-99.55902833,18.95369222
MEX,-99.72963167,19.41130167
QRO,-100.4292636,20.80824111
BCS,-110.3740739,24.10197306
YUC,-88.0383375,20.79067389
CHIS,-92.81850611,16.04281139
OAX,-98.23844444,17.36051056
CDMX,-99.02198167,19.28756806
BC,-115.0191531,32.60337778
PUE,-98.53832333,19.35697694
GTO,-101.2808817,20.62019083
TAB,-93.173905,18.32983528
TLAX,-98.36621833,19.24542278
PUE,-98.55641,18.59158111
NL,-100.2028033,25.94669417
MEX,-99.87379222,19.67754528
DGO,-103.5186989,25.50742194
HGO,-99.19874278,20.129035
SIN,-108.8315889,26.02228083
MEX,-99.71882778,19.80531611
VER,-97.19658417,19.73096389
JAL,-103.6055556,20.4175
SIN,-108.3953106,25.93604361
PUE,-98.01162583,18.94060611
MEX,-98.98019333,19.749025
MEX,-98.91860611,19.49936639
VER,-95.99846583,18.27753056
MICH,-101.3158664,19.65220972
HGO,-98.97430333,20.26043194
SIN,-106.866325,23.86128694
MEX,-98.82529472,19.4915875
MEX,-99.47470139,19.40253333
PUE,-97.941155,19.06773639
PUE,-97.83076361,20.24456833
SIN,-108.4506725,25.44684917
GTO,-101.6215928,21.00580028
PUE,-98.50387722,19.26603972
JAL,-103.3508728,20.52475444
JAL,-103.5961111,20.01055556
JAL,-102.6852778,21.14861111
MEX,-100.3694769,18.69653389
MEX,-99.75855194,19.36929306
HGO,-98.77063194,20.05550833
HGO,-98.2967,20.03858639
OAX,-96.06510611,17.05443583
YUC,-88.48648556,20.33365528
TLAX,-98.22517361,19.23998444
MICH,-101.9101883,19.41713722
PUE,-97.61576583,19.82310056
GTO,-101.2538064,20.42101556
OAX,-96.82109083,17.24206306
SLP,-98.79058194,21.31679333
CHIS,-92.48469722,17.13970167
HGO,-98.31632333,20.02245778
GRO,-98.58581111,17.4315425
OAX,-96.00035111,18.11992889
TAB,-93.29890472,18.11383806
YUC,-88.75227944,20.90234972
HGO,-98.70886222,20.11197722
SON,-109.9477731,27.26251917
MICH,-102.2547436,19.93154028
MICH,-102.0566794,19.97123611
VER,-97.02613361,18.80488806
PUE,-98.29123639,19.08822333
QRO,-100.4464711,20.58697806
OAX,-95.71314417,16.94316278
PUE,-98.47950611,19.25467861
HGO,-98.07842444,20.46030556
OAX,-96.70673639,16.96716056
NAY,-104.8017883,21.46426028
SON,-110.4526944,27.35454444
OAX,-96.6243575,17.06041972
OAX,-96.49007444,15.66532611
NAY,-105.2383306,21.05354611
PUE,-98.031245,20.17297333
CHIS,-92.08195778,15.06070722
TAB,-92.97254444,18.01146278
BC,-117.0127817,32.34304139
NL,-99.77239167,23.97326111
QRO,-100.1502161,20.6445925
COL,-103.7385933,19.00118361
CHIS,-92.60013389,17.16490167
SIN,-109.0495975,25.82702444
SIN,-108.4451819,25.57241806
OAX,-96.75486556,16.06950444
MEX,-99.24831444,19.8237475
MEX,-99.01406472,19.93658472
MEX,-100.0544172,19.24726833
SIN,-109.3158214,25.75987444
JAL,-103.6980553,20.76170056
JAL,-103.3605556,20.40805556
OAX,-96.76661833,16.89708806
PUE,-97.72621694,18.84050417
MICH,-102.5957786,20.02085583
NAY,-104.6532947,22.21490528
OAX,-95.09965361,16.31680056
CHIS,-92.19529611,15.01097167
MICH,-101.5896706,19.54649694
CHIS,-92.8028325,17.08148111
CHIS,-92.29274778,16.18110472
JAL,-103.3744444,20.79888889
PUE,-97.85727694,20.52725444
CHIH,-105.9399131,28.60826222
GTO,-100.5857856,20.55280389
PUE,-97.87802861,18.81314917
MICH,-100.6435867,19.88111361
ZAC,-101.9513739,22.27772389
CHIS,-92.4600475,16.84079194
JAL,-103.1211111,20.58027778
HGO,-98.34818667,21.01711389
ZAC,-102.0378047,22.68398778
MICH,-100.5730639,19.20760639
CHIH,-108.2754639,29.68695528
HGO,-98.4711075,19.63982333
JAL,-102.8636111,20.375
MOR,-99.34606056,18.61521778
OAX,-96.47247861,16.72512667
TAB,-93.09277361,18.12031861
PUE,-98.05582611,18.27957972
QRO,-99.71000389,20.69317361
SON,-109.9326831,27.07821806
VER,-97.26226722,19.7202625
MOR,-98.74523583,18.87965417
GTO,-101.22,20.63166667
MICH,-102.0155664,19.69898222
TAB,-92.96311333,17.99474
NL,-100.1477242,25.63268667
TAB,-93.34496556,18.39777194
HGO,-98.69587889,20.114725
QRO,-100.2812744,20.58381111
PUE,-98.4973675,19.13572111
CAMP,-90.52361111,19.09305556
SON,-109.7824969,29.99356361
CHIS,-92.34536639,17.22634
PUE,-98.48492667,19.07590806
MEX,-98.80175917,19.02507333
SON,-109.37077,27.84065917
SIN,-108.3432736,25.70748889
HGO,-98.92637583,19.86637472
DGO,-103.7363056,25.06363361
PUE,-98.51716583,19.26902056
JAL,-103.0845536,20.52708
VER,-96.83698056,19.46551111
MEX,-99.57238972,18.9683725
VER,-96.99136528,18.83965
PUE,-97.51644667,19.78918583
TAB,-93.12218667,18.26241306
MEX,-99.93927667,18.93038944
COAH,-101.3522156,27.74268278
MEX,-98.92803167,19.6987375
SON,-109.6679367,26.95357889
MEX,-99.65030222,18.98810611
JAL,-103.4016667,19.66694444
JAL,-102.6638889,20.36972222
PUE,-97.62046694,19.93356944
VER,-96.97867528,18.88449139
MICH,-101.1930394,19.75142889
OAX,-98.14258528,17.50144722
PUE,-97.38846389,19.43439167
QROO,-88.80981972,19.89904889
OAX,-96.43253694,16.99854806
VER,-96.81481889,19.48883444
TLAX,-98.13001833,19.30905528
PUE,-97.88083333,18.76941556
PUE,-97.91204472,18.99494028
ZAC,-103.5559503,21.50447778
MEX,-99.97194444,19.59361111
PUE,-97.72419694,18.96978167
JAL,-103.4614097,20.81774833
OAX,-98.06622611,16.54236083
TAB,-93.56346333,18.02180944
MEX,-99.19746333,19.72689917
DGO,-103.4875492,25.5207625
DGO,-106.5711958,25.2090225
MEX,-99.36047583,19.34764694
CAMP,-90.80725083,19.0631525
JAL,-102.8974869,20.72646667
CHIS,-92.16935722,14.73965611
TLAX,-98.25654222,19.48498917
CHIS,-92.46619639,16.85488444
JAL,-103.4887494,20.57367778
PUE,-98.51450333,19.09998944
PUE,-97.93749972,18.93469944
TAM,-97.87503278,25.66499028
GTO,-101.3266569,20.70334194
MEX,-99.76086056,19.37976611
MICH,-100.3445283,19.46544139
MICH,-101.5726933,20.03490056
TAB,-92.91136778,18.04129833
SLP,-100.834765,22.12889639
CHIS,-92.39326722,17.13467583
PUE,-97.79044889,19.03126722
MOR,-98.81774778,18.8827325
MICH,-102.0925775,19.84786306
PUE,-98.41792778,19.19762667
PUE,-97.41544528,18.99692167
PUE,-98.01597639,18.95571417
YUC,-88.41461667,20.62008556
OAX,-96.72593889,16.83787528
MOR,-98.88103861,18.75650972
PUE,-97.86341278,18.98978833
MOR,-98.89722028,18.69496278
TAB,-92.78427778,18.15486111
MEX,-99.32917861,19.40147722
BC,-115.2715544,32.5455775
SIN,-108.3442583,25.73011306
YUC,-89.81621333,21.25185333
CHIH,-107.8422742,28.35510722
AGS,-102.2381311,21.92214889
JAL,-103.8566667,20.51
TLAX,-98.13913889,19.30744639
GRO,-100.6463983,18.28707889
MICH,-101.0599039,19.68171194
QRO,-100.2223397,20.75438556
MEX,-99.57058583,19.12896472
OAX,-96.67150889,18.03180028
MICH,-102.7555225,18.07774167
SIN,-107.5830375,24.57273194
QRO,-100.3499678,20.42797667
MEX,-99.97087278,19.6823425
GTO,-100.7383758,20.93578
YUC,-89.01640889,20.17260083
MICH,-103.6684114,18.75307528
CHIS,-92.19094472,14.83731417
JAL,-103.7294703,20.37335833
MICH,-101.0869033,19.79202444
NAY,-105.2536333,21.92118889
GTO,-100.4954028,21.22459722
JAL,-103.5516667,20.07416667
JAL,-102.5966667,21.54
MEX,-99.54318694,18.94997583
MEX,-99.52624111,19.47022583
CHIH,-107.2682375,26.4305075
MEX,-99.62500306,19.38471639
VER,-97.10834972,18.90470917
MEX,-98.80402056,19.22126222
QRO,-100.1865861,20.48813222
TLAX,-98.24643417,19.31997167
SIN,-108.3990617,25.62468694
NL,-100.26395,25.914525
TLAX,-97.82053333,19.39824722
BC,-115.1543078,32.55209417
NL,-100.1350042,25.69782806
GTO,-100.2159358,21.21217222
QROO,-88.64811139,18.29933639
PUE,-97.42022611,19.83206111
MEX,-99.41495694,19.1203575
GTO,-100.4526536,20.08045667
MEX,-99.57851861,19.12483889
GTO,-100.9244194,20.56616333
VER,-95.40005667,18.45644278
MEX,-99.89650333,20.16350194
TAB,-93.64874639,18.26808833
PUE,-97.22644139,19.25028444
CHIS,-92.61971139,17.26436667
QRO,-100.0348861,20.61879944
VER,-94.89467806,17.97186611
OAX,-95.22018,16.25469944
CHIH,-107.7641947,29.64321222
MEX,-99.89079306,19.60121972
AGS,-102.3452353,21.99286889
NAY,-105.1195072,21.53643139
MEX,-98.83046444,19.54112444
CHIS,-91.83533306,16.16465667
VER,-97.14880333,19.35158556
GRO,-100.3918678,18.27467694
QRO,-100.3945639,20.7449975
OAX,-95.20457917,16.58488667
PUE,-97.03906361,18.47648639
VER,-96.15817194,19.05924056
HGO,-98.69771222,20.08648528
SON,-109.6646183,26.92679917
MICH,-101.5540306,19.79362361
YUC,-88.16369167,20.59884361
TLAX,-98.29488556,19.47760278
SLP,-100.8571397,21.88554194
CHIS,-92.1847625,14.88112861
GTO,-100.8930211,20.55692833
MOR,-98.77479778,18.68910583
TAB,-93.12744639,18.23711056
SIN,-107.7024192,24.5436075
NAY,-104.8927164,21.40202444
QRO,-100.0642142,20.56104444
PUE,-97.63009333,19.96832556
MICH,-102.3492533,19.54842444
ZAC,-102.0191081,22.4015325
VER,-96.77827389,18.91428861
GRO,-99.50335528,18.23101167
MEX,-98.83440306,19.49661639
PUE,-98.48808389,19.19849806
MEX,-99.54377139,19.38130056
TAB,-93.17792139,18.41221083
AGS,-102.1450161,22.01609667
CHIS,-92.52073611,16.60847778
OAX,-97.9297625,16.20395028
GRO,-99.79137139,16.85113111
GRO,-99.45722667,17.007375
GRO,-99.8597375,18.34932361
MEX,-100.1514689,19.66480306
GTO,-100.7577817,20.62741722
PUE,-98.48103528,18.50913472
VER,-98.39760306,21.20839111
HGO,-99.22305194,20.07541333
CHIS,-91.83206639,16.04210222
JAL,-102.5177778,20.41333333
TLAX,-98.31588944,19.28460222
TAB,-93.49065194,17.85070583
JAL,-104.3569444,19.44972222
NL,-100.0340486,25.87930222
GTO,-101.4701817,21.02533222
VER,-97.15189778,18.64780528
MEX,-98.88323833,19.58714639
CHIS,-92.00295194,15.66565083
CHIS,-92.57151417,16.4847725
YUC,-89.10900111,20.23572083
PUE,-97.33529194,19.79182722
MEX,-98.91967278,19.51292417
PUE,-97.34079917,18.42260222
YUC,-88.26443778,20.60222472
CHIS,-92.85147833,15.9871325
TAB,-93.26603083,18.25240417
OAX,-97.595485,16.11059722
GTO,-101.3978483,20.61479917
CHIS,-93.13352944,16.63654
QRO,-100.3812361,20.77792194
OAX,-96.61676444,16.01660861
COAH,-103.2838575,25.81667389
JAL,-103.5207717,20.45333583
MEX,-99.15585444,19.59529361
MEX,-99.600365,19.53992694
HGO,-98.73694444,20.08138889
NAY,-105.2659978,21.02427333
MEX,-98.8561575,19.14274333
HGO,-99.32237833,20.01587639
TAB,-93.44977222,18.12112889
MEX,-99.61290917,19.43105333
MICH,-102.2246933,19.87950111
CHIH,-106.791935,29.92059861
MOR,-99.13260111,18.89853667
DGO,-103.8105181,24.29059167
CHIS,-90.76528333,16.33313333
MEX,-98.90141944,19.23891944
OAX,-96.79927278,17.27352833
GRO,-98.91033361,17.32521889
TLAX,-98.11287444,19.41119111
QRO,-100.1702428,20.56818778
ZAC,-103.0747064,23.36682972
PUE,-97.01557167,18.30505083
MEX,-99.6159625,19.40263861
DGO,-105.3879594,26.40099667
GTO,-101.6070011,21.14677528
NL,-100.2983083,25.85448056
HGO,-98.20205972,20.39914278
MEX,-99.59714722,20.14805056
MICH,-100.3524072,19.73334083
VER,-96.91435139,20.16684694
MEX,-99.52953028,19.44989556
QRO,-100.2081911,20.42849667
CHIH,-105.5195636,28.25241944
VER,-95.77458389,18.50603056
TAM,-99.22133278,22.53447056
TAB,-93.38317056,17.86612083
GRO,-99.80962028,16.94192944
CAMP,-90.58435028,19.50045444
HGO,-98.80624639,19.89046333
GRO,-99.43500833,18.17307333
GTO,-101.6443228,21.01919444
BC,-115.9685069,30.65743528
HGO,-98.97943917,20.28033194
TLAX,-98.22829667,19.65818167
ZAC,-102.6631986,22.76039583
OAX,-96.868415,18.143675
CHIH,-107.3872294,29.18083056
MEX,-99.13599833,19.82509083
PUE,-98.26237056,18.71325944
SON,-112.6864511,29.90917028
ZAC,-103.6611317,23.86434333
JAL,-103.9527481,20.49836861
TAB,-93.56302333,17.9191
TLAX,-98.23701194,19.32378694
MEX,-98.89074222,19.21874194
TAB,-93.19302806,18.40749639
CHIH,-108.2799558,27.27638167
MICH,-101.5447694,19.23116444
CHIS,-93.15358722,16.3041
PUE,-98.25214833,19.86756611
CHIS,-92.07810611,16.33380778
VER,-97.05612722,18.51776
MEX,-99.67672556,19.00653833
TAB,-92.87211611,18.07157417
QROO,-88.10947861,19.02431889
VER,-96.34908417,19.20001
GTO,-101.5829239,21.11825583
MEX,-100.0252911,19.5979975
MEX,-99.70570056,19.35193444
MICH,-101.2540414,19.672025
OAX,-97.57098944,17.03202889
SIN,-108.8564578,25.56559861
JAL,-103.9352981,20.65402667
PUE,-98.49051861,18.55709056
TAB,-93.56404,18.11206444
CHIS,-92.380645,15.30066472
MICH,-102.2597539,19.96031444
OAX,-97.98697722,16.48908444
JAL,-103.15,20.00444444
PUE,-97.15105556,18.48156167
PUE,-97.94520944,20.14244472
MEX,-98.79412861,19.47206472
TAM,-97.78730917,25.94961722
CHIS,-92.20981111,15.03564944
NAY,-105.3870856,21.69189083
MICH,-101.7200861,19.58825278
ZAC,-103.4648708,21.20979
PUE,-98.36770194,19.06899278
TAB,-93.70919639,18.12209806
GTO,-101.1586403,20.53781194
VER,-97.28187,19.39688167
GRO,-100.3272925,17.08853861
DGO,-103.9986706,24.47626056
CHIS,-92.53422833,17.33269361
MEX,-99.84161417,19.564975
VER,-96.86550528,19.57653389
VER,-97.48751861,20.57550417
DGO,-103.5106014,25.68249
GRO,-99.29475972,17.71597889
VER,-97.68614833,20.93312972
CAMP,-92.10385028,18.61923417
JAL,-102.8441667,20.66333333
MICH,-101.1289544,19.91803389
GRO,-99.71416667,16.88138889
OAX,-95.37955722,16.09679806
MEX,-99.54611917,19.97075722
COAH,-103.1948283,25.79039361
OAX,-98.03117389,17.34585639
MEX,-99.57899361,19.4120425
BC,-116.2709956,31.91009111
MOR,-99.16078778,18.86104833
VER,-97.801625,22.11304611
CHIS,-91.29510361,16.14039667
HGO,-99.25976278,19.88240278
VER,-97.17345861,19.0450075
GTO,-101.1672825,20.1907225
GTO,-101.7052433,21.02711333
PUE,-97.91784806,18.08220139
CHIS,-92.8909125,17.09755028
SLP,-98.96638778,21.59731889
MOR,-99.18714111,18.96102056
PUE,-97.84948861,20.06177944
PUE,-97.55979972,18.60095417
PUE,-98.05615083,19.0516125
HGO,-98.51243806,19.66351306
CHIH,-105.58333,26.76387694
DGO,-105.6910492,23.73213389
VER,-97.11527972,19.35594583
NL,-99.81806667,24.10058611
HGO,-98.24683194,20.18237333
GRO,-99.22169722,17.65428417
JAL,-102.3801503,20.5814325
MICH,-102.399765,19.76611139
PUE,-97.756135,18.96192528
SIN,-109.3267747,25.85668889
PUE,-98.54169528,18.85497417
SIN,-108.4250978,25.64386472
MEX,-100.0206656,19.24690722
GTO,-100.6723278,20.53137806
TAB,-93.02037639,17.98193944
PUE,-97.03767306,18.46178667
VER,-97.29393583,19.6585325
TLAX,-98.13198139,19.42323861
MOR,-98.89873028,18.81046028
QRO,-100.2927669,20.4595525
HGO,-98.9639525,20.38258194
VER,-97.71487472,20.27506167
CHIS,-92.15590194,15.03231222
GTO,-101.6921261,20.39310944
GRO,-99.46538611,17.40453889
MOR,-98.94350278,18.99953056
HGO,-98.92915556,20.2468575
JAL,-103.4264417,20.51321667
SLP,-98.65723833,21.36970333
CHIS,-92.74274611,17.00398417
QRO,-99.51157361,21.31221778
TAB,-93.01019306,18.20397306
VER,-96.20609556,19.13263694
CHIS,-91.86881333,16.15240306
CAMP,-89.99470194,19.48771722
SON,-109.5578539,27.20399278
HGO,-99.18767861,20.29603361
TAB,-93.08280389,18.23757639
ZAC,-103.0107539,23.8503
OAX,-96.72454056,16.98904083
MICH,-101.4147792,19.56462306
MEX,-99.98401167,18.83357278
CHIH,-105.3942967,28.15281639
SIN,-108.9018944,25.87755
CHIS,-92.97158944,16.48881944
MEX,-99.9144375,19.86269361
OAX,-94.45843389,16.39931889
PUE,-97.61490472,18.99796944
MICH,-100.4572361,19.26417333
QROO,-88.39995833,18.93799972
TAB,-93.33831139,18.10026167
CHIS,-92.19238917,14.91462861
JAL,-102.7274869,20.40717361
JAL,-103.7241667,20.36333333
JAL,-103.4059,20.47564611
AGS,-102.0302411,22.26660278
JAL,-103.6708333,20.34833333
HGO,-99.23119472,19.93169278
PUE,-97.56041833,19.42979306
MOR,-98.81121889,18.69652139
MEX,-100.0974706,19.24092778
VER,-96.31978972,19.22752556
GRO,-98.82521861,17.54765972
OAX,-96.60850944,16.93439889
MEX,-100.0067331,19.50868806
PUE,-98.00129778,20.16612111
OAX,-96.72196194,15.81243
YUC,-88.94700528,21.0140725
VER,-95.77374111,18.08799444
ZAC,-101.75673,22.25404222
COL,-104.2677778,19.12027778
MICH,-100.4860028,19.76405778
PUE,-98.0973675,19.08043972
MEX,-99.59154306,19.18096722
JAL,-103.7281225,22.39
PUE,-97.29000139,18.49733833
OAX,-95.04091167,16.88866556
JAL,-103.7694444,20.4075
TAB,-92.90348722,18.1673775
JAL,-103.2002778,20.44583333
SLP,-101.9104772,22.83093056
QROO,-87.70839306,18.71668333
MEX,-99.77137861,19.21483194
MEX,-98.79245333,19.56067
CHIS,-92.26536,14.97724306
TAB,-92.805385,18.42239333
QRO,-100.2204661,20.54048056
QRO,-100.2029103,20.63278
PUE,-98.1623475,20.04604667
MEX,-99.04250028,19.76432222
MEX,-99.77868083,19.36885861
MEX,-99.95439194,19.53736917
YUC,-88.00641583,20.67746417
TAB,-93.08184583,18.16055694
MICH,-102.4257997,19.65105528
MEX,-99.58297306,19.97805
MICH,-101.1371983,19.786765
SIN,-109.1598306,25.94257889
MEX,-99.44700389,19.120665
VER,-96.39475583,19.2667325
OAX,-95.05365694,16.86665778
CHIH,-106.9635383,29.94438167
SIN,-108.5180325,25.47972583
VER,-97.50696667,20.6166475
YUC,-89.51231917,20.36872083
VER,-96.23510556,18.63805167
MEX,-99.44251333,19.38099778
OAX,-97.62337639,16.07160333
MEX,-99.45471833,19.43241861
TLAX,-98.16543861,19.25284944
GTO,-101.8613228,20.91119306
VER,-95.12241528,18.24201139
VER,-96.69473028,19.84116111
PUE,-98.44131889,19.158725
AGS,-102.3013053,21.67443083
GRO,-99.11010972,17.63999444
MEX,-99.77737083,19.30640778
COL,-103.9323969,19.05401667
TAM,-97.717085,24.62555
HGO,-98.22672861,20.33805556
SIN,-106.3394839,23.1947
OAX,-96.87153333,17.17352667
TAM,-97.81271111,25.96080056
CHIS,-92.50649167,16.81901667
MEX,-98.76380167,19.15634333
YUC,-88.91755722,20.49314972
SLP,-99.84948056,22.48199889
YUC,-89.594125,20.69555861
ZAC,-103.09119,21.47087694
JAL,-102.3888889,20.4425
AGS,-102.2907133,22.323425
JAL,-103.3720975,20.224825
DGO,-103.4018233,25.87968611
MEX,-99.95024028,19.6932375
GTO,-101.6768714,21.05856583
TLAX,-98.24416139,19.33531639
MEX,-99.00650306,19.91111861
OAX,-96.72648139,17.01274472
AGS,-102.2563228,21.97817639
GTO,-101.4438089,21.03829056
PUE,-98.06842083,20.04737722
MEX,-99.06939528,19.67827694
TAB,-93.30558417,18.23087167
HGO,-98.41669583,20.08411167
PUE,-97.57829139,18.66078778
MEX,-99.39864056,19.8375575
ZAC,-101.9929311,22.49133806
VER,-96.97623,19.55742722
VER,-97.13090694,18.84914861
MEX,-98.81754028,19.19469944
GTO,-101.4899356,20.98597639
MICH,-101.5051514,19.89899528
TLAX,-98.3387875,19.65768194
SLP,-102.0277531,23.0288025
TAB,-93.08123778,18.04694861
YUC,-89.32989111,21.04282306
COAH,-101.4801408,26.97577083
MOR,-98.94398944,18.86586333
MEX,-99.82421611,19.29916472
PUE,-97.49448583,18.51315944
PUE,-97.66431278,19.60803028
YUC,-87.78521444,20.99160194
GTO,-100.8839144,20.66164639
VER,-95.07761139,17.52597361
YUC,-89.18578333,21.225595
QRO,-100.0537403,20.47649056
GTO,-101.1808106,20.55423806
YUC,-88.17704639,21.01928944
GTO,-100.6922222,20.06888889
GTO,-101.0207256,20.30384833
MICH,-102.0659206,20.15095972
MEX,-99.55295556,19.01237833
TLAX,-98.219195,19.23046667
NL,-99.91458806,24.32314722
MEX,-99.53806306,19.42368472
HGO,-99.07772417,20.39263222
NL,-100.4245611,26.498225
MEX,-99.67894472,19.41405444
PUE,-97.03743722,18.37140278
COAH,-100.5787481,25.27134889
JAL,-102.9952894,20.39145194
OAX,-96.79032083,16.0733
CHIS,-93.86051806,16.37987694
MICH,-101.1632153,19.76641417
GTO,-101.3748389,20.82369139
QRO,-99.91918778,20.31269139
BC,-116.5242597,32.56378389
VER,-97.27022389,19.52650278
GTO,-100.9230325,21.20322556
CHIS,-92.43211194,15.12736472
YUC,-89.45539694,20.32707306
SIN,-108.1326006,25.3777525
MEX,-99.55762333,19.92885861
MEX,-99.6136,19.33711833
HGO,-99.37175028,19.96469278
MEX,-98.9725,19.80888889
GTO,-100.5570686,20.5954925
MEX,-98.86427889,19.51785417
GTO,-100.8417975,20.63342111
NAY,-105.5119206,20.77509694
PUE,-97.51525361,19.82662417
SIN,-107.8227014,24.93822528
MEX,-99.59981528,19.11631583
GRO,-99.21238306,17.04065306
QRO,-100.0681247,20.39417694
NAY,-104.8205497,21.50158944
HGO,-99.69714861,20.52072889
VER,-97.27289611,19.80319778
CHIS,-92.0201475,15.63093
MICH,-100.2320531,19.912995
COL,-103.835,18.86888889
QRO,-100.3495719,20.5463075
PUE,-98.48536417,19.10355222
OAX,-95.07948611,16.80134722
BC,-115.0872581,32.46823611
MICH,-102.4913417,20.22729917
DGO,-106.3300519,25.06374722
AGS,-102.2347025,22.34877778
HGO,-98.61247056,21.04158944
OAX,-96.48968056,16.76209722
CHIS,-92.5602775,16.32414139
MICH,-102.7104578,18.991195
CHIS,-91.97347389,16.42905111
MOR,-98.9339875,18.71449583
OAX,-96.79721139,16.78659472
MEX,-99.59393444,19.36349278
PUE,-98.40095694,19.01441194
HGO,-98.93935917,20.11054722
NL,-100.55267,25.03045028
MOR,-99.02951306,18.92122639
QRO,-100.3763622,20.87219833
OAX,-97.54606944,16.30640639
TAB,-92.75218889,18.15005611
PUE,-97.31606472,19.83008694
GRO,-99.63117556,18.07860611
PUE,-97.55139778,19.93606111
CHIS,-93.11493889,16.15058806
MOR,-98.82663694,18.94954472
TAB,-93.62590694,18.17391694
SLP,-98.81349111,21.17508167
GRO,-98.24269306,16.78877333
GRO,-98.36986222,17.57448361
MEX,-100.1067067,19.64502028
MEX,-99.74632972,19.38775472
PUE,-97.6486025,18.89498417
OAX,-96.7996575,16.62995861
VER,-97.92704417,20.61012139
MICH,-101.4123858,20.00425194
MEX,-99.99804556,19.41796778
VER,-96.09211972,18.29009917
CHIS,-93.27497278,16.75216389
MEX,-99.11150833,19.86849611
MEX,-99.45422167,19.40219306
JAL,-103.4934172,20.56770028
MEX,-100.0904636,19.40386167
OAX,-96.8532575,17.11140083
VER,-95.30566917,18.53200111
CHIS,-92.08085806,16.61877833
MEX,-99.88962056,19.85410694
MEX,-99.03883111,20.00410111
CHIH,-105.5266694,28.14012889
TAM,-99.00867667,22.82679389
OAX,-98.37815222,16.33297222
MICH,-101.4465258,19.18040194
OAX,-94.68302222,16.90992
CHIS,-92.75783,15.83725611
MICH,-102.1904472,19.00266472
ZAC,-103.0319158,23.84641944
HGO,-98.67080611,19.84706833
QRO,-99.72039417,20.83167667
GTO,-101.3066497,20.88080972
HGO,-99.246215,20.25140194
GRO,-98.17970611,16.75666083
DGO,-104.0869336,24.50675833
OAX,-96.59757917,18.39170444
GTO,-101.8711025,20.96641444
SON,-111.0518164,27.94836611
MOR,-98.94171583,18.90866056
OAX,-94.8852625,17.10241278
CHIH,-107.5533019,29.99274056
VER,-96.94478972,18.94060056
VER,-96.8365075,19.19213417
MEX,-100.3050714,18.58293861
TLAX,-98.16409194,19.658475
HGO,-98.70901528,20.09801389
GTO,-101.2142206,20.68865417
OAX,-96.75549778,16.97039639
TAB,-92.95938583,18.40205528
TAB,-93.65607667,18.03120417
OAX,-95.81031,15.91435861
MEX,-99.48207194,19.13380444
MEX,-99.37135139,19.67671333
QRO,-100.4388675,20.48423583
MEX,-99.8279425,19.30482722
SON,-110.0197136,27.43415222
MEX,-99.42919361,19.714005
YUC,-88.1579775,21.59775056
GRO,-99.79356944,18.50245222
CHIS,-92.96580278,16.28829444
DGO,-103.6908133,25.49182639
TLAX,-98.28833222,19.34963
SLP,-100.8063889,21.975
GTO,-101.9211908,20.39062222
VER,-94.70304917,18.07799639
COAH,-103.2791689,25.43188389
CHIS,-92.06333056,15.85145278
MICH,-102.3750225,18.52480111
MEX,-99.79035056,19.25579806
TAB,-93.58131139,18.0053275
SLP,-100.9505556,23.88388889
JAL,-102.1427778,21.57472222
GTO,-100.8215481,20.29554056
VER,-96.72673,19.92399972
GTO,-101.3598911,20.78157611
MEX,-99.47509389,19.34974
TLAX,-98.20888583,19.47604972
PUE,-97.07774167,19.23385083
VER,-97.14725,19.01939361
MEX,-99.7509325,19.42727083
CHIS,-91.78051056,16.1054275
JAL,-102.8877467,20.41790389
GRO,-98.72539028,17.56870444
MEX,-99.07548167,19.83743972
MEX,-100.0413594,19.04307472
SIN,-105.6038942,22.619055
CHIH,-105.3409439,28.15519111
TAB,-93.13530639,17.98434222
PUE,-97.65534028,20.00075722
VER,-96.04038417,18.31981694
MEX,-99.86843278,19.58111083
MEX,-99.754235,19.37438
OAX,-97.2261875,16.58940278
MOR,-98.79003778,18.52420889
HGO,-99.23976528,19.92775611
ZAC,-101.6308333,22.25944444
MICH,-100.7529011,19.53353889
MICH,-101.1421756,19.79381306
PUE,-97.43265694,19.19346028
MEX,-98.84494194,19.51800972
PUE,-98.5889725,18.90948333
VER,-94.54420028,17.97460278
YUC,-87.86624111,20.71692861
PUE,-98.49164111,18.74837833
GTO,-101.6967775,20.92084
BC,-116.3060744,32.50977694
MEX,-98.84984917,19.73605722
NL,-100.2390186,24.56979028
GRO,-99.70637583,16.82486
PUE,-98.00113417,20.26178333
CHIH,-106.3469233,26.9541075
CHIS,-92.08749361,16.25389917
ZAC,-103.6606136,23.97758556
YUC,-88.89187972,21.39322917
SON,-108.9259056,28.37269472
CHIS,-91.52532972,16.82162944
MEX,-100.0662275,19.69784972
MOR,-99.20478417,19.03490806
MEX,-98.92619167,19.33559306
QROO,-88.39491167,18.49505333
JAL,-103.2148617,20.62537417
VER,-95.75600778,17.76453889
MEX,-99.56709444,19.18220361
MICH,-102.6868275,20.07119917
SIN,-108.9600208,25.85125111
MICH,-103.5047542,18.59913861
GRO,-98.22911222,16.60935444
HGO,-98.70533944,20.09059444
MEX,-98.9298875,19.80673194
MICH,-101.9437931,19.46649861
TAB,-92.94256667,18.10193167
MEX,-99.69851194,19.34212917
GRO,-98.57291583,17.86943778
OAX,-96.97801389,16.51475806
COAH,-101.7250358,27.00443861
MEX,-100.4271972,18.77767389
GTO,-100.9479953,20.37451472
VER,-97.25634306,20.2538275
VER,-96.75806389,18.66249917
ZAC,-103.0282986,22.58723306
MEX,-99.24500861,19.67768194
OAX,-96.06261667,15.81767778
MEX,-99.83955167,20.09659028
MICH,-102.0156278,19.12119028
OAX,-98.1507875,17.82766139
HGO,-99.03611,20.1805825
OAX,-97.88206667,17.58356778
CHIS,-93.21575861,16.87336278
VER,-95.03471028,18.50394583
OAX,-96.58107361,17.00886694
JAL,-103.4507336,20.78789972
HGO,-98.45166778,20.90138028
MEX,-98.87139111,19.57784306
HGO,-99.00599722,21.19478194
GTO,-100.1591539,21.1000025
TAB,-93.10869056,17.90898222
QRO,-100.3173364,20.74730944
HGO,-98.75228306,19.94377556
NAY,-105.1424572,21.72138778
MEX,-99.85992583,19.44038528
NAY,-105.3471647,21.80570611
PUE,-97.86700111,18.97983806
PUE,-98.59910472,19.38769556
MICH,-101.4363853,20.17912639
QRO,-100.4192108,20.86140639
DGO,-104.6610492,23.96043139
TAB,-93.20855722,18.30615139
SIN,-107.1602492,24.50762056
MOR,-99.37340583,18.66408722
MEX,-99.14587583,19.72016389
CHIS,-92.06285083,15.71164167
HGO,-98.94022139,20.31278556
CHIS,-92.54380917,15.34889333
MICH,-101.6328606,19.66994694
CHIH,-105.8109942,27.45713167
PUE,-98.49016472,18.82873083
CAMP,-90.18068639,19.52817861
ZAC,-102.8855236,22.0069025
HGO,-98.38426583,21.15140917
CHIS,-92.78887778,16.84393333
QRO,-100.1736111,20.5225
HGO,-99.29247861,20.19613167
VER,-95.05487556,17.90741611
GTO,-100.7966981,20.58619611
CHIS,-93.26201889,16.68188278
VER,-95.24711056,18.46587556
MEX,-99.66286944,19.00799528
HGO,-98.92689889,19.87874528
QRO,-100.2036897,20.60239583
BCS,-110.4200111,23.65956833
HGO,-99.68825167,20.28006444
TAB,-93.56180722,18.06695667
MEX,-99.94548694,19.40038444
GTO,-101.2415181,21.69238861
OAX,-96.71761,16.34063806
CHIS,-92.82325972,15.40211611
YUC,-90.09745278,20.43543444
JAL,-102.9493703,20.38502806
TAB,-93.40131194,18.10704139
MEX,-98.81381361,19.54428806
CHIS,-93.21413139,16.87712472
TAB,-93.27801,18.24227778
ZAC,-102.0637014,22.34807556
DGO,-104.492235,23.87695806
YUC,-89.63210667,20.81640694
MEX,-99.18108694,19.77907833
SON,-109.9129253,27.05708306
HGO,-99.63425417,20.36246583
VER,-95.2535525,18.44813556
MEX,-99.41738,19.55559139
OAX,-96.02694444,16.55429528
MEX,-98.88063361,19.45678
OAX,-95.11219,16.803935
SIN,-109.3279847,25.95898306
SIN,-108.6795894,25.70297639
HGO,-99.347375,19.8543575
HGO,-98.26526722,20.03267806
TAB,-93.13061972,18.29434472
VER,-96.74241944,19.56708056
JAL,-103.4506889,20.85016139
GTO,-101.1266464,20.63844944
OAX,-95.12003861,16.82242917
QRO,-99.967515,20.29513472
MEX,-99.95642556,19.70392556
QROO,-87.52349,20.8820275
CHIS,-92.37954444,17.23498889
MICH,-102.3997897,19.55753639
AGS,-102.2683025,22.09104167
YUC,-89.65347806,20.86570917
MOR,-98.99674306,18.83107306
MICH,-102.5475286,19.73081278
QRO,-99.92437056,20.7372975
PUE,-98.13241722,20.26246472
CAMP,-89.73159444,19.45923472
OAX,-96.7691025,17.10898028
JAL,-104.2809614,20.30609361
TLAX,-98.20378278,19.42290667
HGO,-98.81279222,20.03029667
MEX,-99.85828361,19.57438917
JAL,-103.5648556,20.72306889
VER,-94.58548333,18.06926222
QRO,-100.4071617,20.82204361
QRO,-99.62754028,21.1353025
TAB,-93.40810306,18.26214111
HGO,-99.68983861,20.54846889
PUE,-97.637385,19.91542444
JAL,-103.7022286,20.56869194
TAB,-93.03168,18.21528028
QROO,-88.53871306,20.03537556
QRO,-100.0918092,20.43561722
MEX,-99.62343028,19.46839444
AGS,-102.6835442,21.86123694
VER,-96.90814833,19.04283806
MICH,-100.3740069,19.48977278
PUE,-98.12042139,18.09146722
MEX,-99.90775861,19.50645056
PUE,-97.60992194,19.6237825
OAX,-97.80833778,17.65446639
JAL,-102.4963644,20.43113917
MEX,-99.48830583,19.18535306
CHIS,-92.46153,16.86523694
MEX,-99.96423222,19.71613444
MEX,-98.84175528,19.21720194
VER,-96.770395,18.67984861
OAX,-95.91496222,17.15939528
VER,-96.89831028,20.15668861
PUE,-97.6310675,20.13157083
YUC,-89.45655222,20.45875056
GTO,-100.9812158,21.62938528
YUC,-89.67921694,21.05023333
COAH,-103.3674392,27.03122944
VER,-96.92407389,19.33689417
MEX,-99.70671833,19.70534833
JAL,-103.6806247,20.531155
VER,-96.97198028,19.0691725
MEX,-99.28161917,19.64627306
COAH,-103.2448667,25.7257275
PUE,-97.59559333,19.88059556
JAL,-103.9545694,20.56233361
OAX,-96.81009278,17.20555611
BCS,-114.8956792,27.69174389
HGO,-99.37208889,19.97095611
MEX,-99.452685,19.39199056
OAX,-97.17056889,16.06336417
CHIS,-92.87965667,16.1119625
VER,-95.18090722,18.3486125
VER,-97.49522,20.51443
PUE,-97.93766917,19.94619639
MICH,-101.1807808,19.65416417
VER,-95.33893833,18.57210139
TAB,-93.22052833,18.14374111
SLP,-98.87157417,21.39470028
TAB,-93.70327778,18.02996583
TAB,-92.97460028,18.00703611
PUE,-97.79891694,20.04943694
MICH,-102.2581175,19.95137028
GTO,-100.4121703,20.36250667
JAL,-104.1638428,20.74373667
BC,-116.1648758,30.98176028
GRO,-99.859935,17.44571222
MEX,-99.83592528,19.29214778
GTO,-100.8452939,21.45401611
CHIS,-92.42927722,16.94835694
AGS,-102.2689917,21.96014861
CHIH,-107.5685889,30.01205417
MICH,-101.6518828,19.57406861
ZAC,-102.4132308,22.9081325
JAL,-102.4301822,20.35009083
YUC,-88.89093111,21.12916389
VER,-98.48132944,22.38466028
NAY,-105.2564008,21.7831925
CHIS,-92.89016194,17.30067944
OAX,-96.72132556,16.75917917
PUE,-97.61722222,19.45416667
GRO,-99.47891417,18.349355
OAX,-97.97126028,16.18737
JAL,-103.8527117,20.56973361
ZAC,-103.0665131,23.19616194
OAX,-96.07708167,17.02715083
MEX,-99.14047917,19.98042139
MEX,-100.0946294,19.24397667
MEX,-99.53947472,19.23266639
SIN,-107.1510992,24.29238028
YUC,-88.00890194,20.93540083
GRO,-100.5468267,18.21318361
GTO,-100.7625533,20.52958944
OAX,-97.31684611,16.30187833
MEX,-98.79641389,18.99561639
GRO,-98.57337611,17.47346639
SON,-110.6923383,28.09593806
NAY,-104.0787114,21.69893611
QROO,-88.46601583,18.55431111
PUE,-98.15472,18.95696222
PUE,-98.31269778,19.10083833
SON,-110.8842928,29.14363917
YUC,-89.11854028,20.95177583
ZAC,-103.1307275,23.84899611
SON,-109.6818092,26.76565944
HGO,-99.47587722,20.13590028
PUE,-97.32552361,18.40541806
BC,-117.1038628,32.46606361
CHIS,-93.17454972,16.93857472
PUE,-97.64833333,19.49888889
JAL,-103.2108883,20.43863778
SON,-114.8701189,32.38080417
TAB,-93.82554167,18.05492167
JAL,-103.9102778,20.43333333
HGO,-99.14003833,20.22580028
VER,-96.96134111,18.81082611
SIN,-105.9115122,22.91383278
TAB,-93.26262694,18.31046667
QRO,-100.1172825,20.80743528
TLAX,-98.11890806,19.31383944
NAY,-104.8830569,21.56363667
PUE,-97.119015,18.47153583
CHIS,-92.41226333,16.91959917
TAB,-93.61258611,18.12005111
VER,-97.48342361,20.44568306
GTO,-101.3730819,20.60059389
HGO,-98.29752833,19.9884775
HGO,-98.35638611,20.34950389
QRO,-100.0264719,20.43221083
OAX,-96.49191889,15.92633444
PUE,-97.46390806,18.492885
TLAX,-98.22840417,19.22713444
VER,-96.97670667,18.88065389
SIN,-107.4609556,24.81443389
HGO,-99.19729694,20.46396528
MEX,-98.86333472,19.54205583
TAB,-93.3443,18.21468917
BCS,-109.5860669,23.59656306
MEX,-99.63617556,19.40456278
DGO,-103.4306081,25.74184028
MEX,-99.55668639,19.22758444
HGO,-98.26306694,20.16057111
NAY,-105.3903625,22.43767583
NAY,-104.432385,20.85758083
GTO,-101.3776422,21.53708083
JAL,-103.3623642,20.4280175
PUE,-97.39394778,19.38959611
TLAX,-98.238345,19.33016889
TAB,-93.13530389,18.42527889
CHIS,-92.72710111,15.31541667
MEX,-98.77981167,19.17191806
TAB,-93.52392778,17.88935306
HGO,-99.16640306,20.42017222
GRO,-99.82601194,17.01154028
MEX,-98.83993222,18.98005444
SIN,-106.2058119,23.24502333
MICH,-100.4076736,19.85825806
MICH,-102.3336111,19.66194444
PUE,-98.16841444,18.89124111
GRO,-99.13778861,17.54612861
QROO,-87.33571389,21.43259889
OAX,-95.66885583,16.02903194
MEX,-98.77485528,19.65813
TAB,-92.99461833,18.19374111
GTO,-101.2630875,20.68379361
HGO,-98.26208,20.89252556
GRO,-99.73678083,16.97415944
TAB,-92.74058722,18.46642389
YUC,-89.34898556,20.96533806
MICH,-100.3073542,19.8137775
VER,-97.24414278,19.78907583
PUE,-98.13321917,20.08848194
MEX,-99.41694417,18.97909194
VER,-96.74705417,18.814115
PUE,-97.46255361,19.81132833
COL,-103.9321358,19.16768333
VER,-97.16720083,19.63752944
GTO,-101.0424744,20.41973722
VER,-97.92492972,21.29343472
GRO,-99.0538275,16.86196944
PUE,-97.90147528,20.03162806
VER,-97.04506139,18.91721667
MICH,-100.4070567,19.52105083
OAX,-95.05129889,17.22620944
GRO,-99.67097722,18.19702028
OAX,-96.81721056,17.22640611
PUE,-97.7634,18.79590778
SIN,-109.0613503,26.2238475
ZAC,-103.1656967,21.26559361
GRO,-99.24888028,17.76048222
MEX,-99.85889111,19.89718833
OAX,-98.27609444,17.27289833
JAL,-103.6438889,20.74555556
YUC,-89.45205556,21.10568444
MOR,-99.18071972,18.7826325
SLP,-99.25737667,21.97577833
CHIS,-93.16556111,17.891785
YUC,-87.87817194,21.40202694
SLP,-100.0534769,21.88504167
SIN,-107.2692611,24.29812306
VER,-96.87051972,18.85250083
TAM,-98.92013722,26.18264111
CAMP,-90.10404917,20.33440833
MOR,-99.22930222,18.75813833
GTO,-101.3306022,20.7939325
PUE,-98.26404778,18.94936583
SLP,-99.01055611,21.60166694
MICH,-100.81844,19.838495
PUE,-97.83220833,18.79922139
CHIS,-93.33559361,16.62666667
PUE,-97.93836694,20.01008333
GRO,-99.83148556,18.13414139
GTO,-100.9022503,20.72237
PUE,-97.443235,19.80315361
CAMP,-90.13753667,20.30657722
VER,-96.61497556,19.02117472
OAX,-96.50444444,16.97388889
CHIS,-92.68819194,16.91781778
VER,-96.84149639,19.01456083
JAL,-102.5084178,20.31349472
TAM,-99.02225417,22.62091583
TAM,-98.95514056,22.96073806
GTO,-100.7851233,20.62845889
PUE,-97.99216028,20.17618056
MEX,-99.58845139,18.92362361
BC,-115.0700389,32.34925
TAB,-93.13047722,17.97342361
VER,-97.19028694,19.36988944
MEX,-99.657275,19.09924333
OAX,-98.06321694,16.41672861
SIN,-108.8742061,25.97572528
HGO,-99.14321306,20.25711306
CHIS,-93.10460472,17.19004806
CHIH,-107.4070006,29.19930194
MEX,-99.57873333,19.41994944
MEX,-100.0593125,19.46476944
HGO,-99.76623083,20.30084778
VER,-97.72926056,21.08669167
TLAX,-98.19352889,19.40084194
OAX,-97.65196889,16.56500639
JAL,-103.8261253,20.66949472
QRO,-99.92205306,20.56604583
GRO,-99.64898222,18.64938528
VER,-97.13517861,19.005355
COAH,-103.3427006,25.68284444
JAL,-103.8207558,20.59810028
OAX,-96.50120611,16.9018875
MICH,-101.6166703,20.21555417
VER,-95.93563056,18.25016833
HGO,-98.71620167,20.03174111
VER,-96.95456889,18.83824861
MEX,-100.2149089,19.18710833
MEX,-99.8198,19.77056528
CHIS,-92.84412056,16.91138194
GRO,-99.68395278,17.51372222
CHIS,-92.65250833,16.76079167
SIN,-107.9434508,25.10963361
MEX,-99.78088139,19.44068333
CHIS,-93.00352778,16.63528778
HGO,-99.31324056,20.17872167
OAX,-97.68053972,18.18876833
QRO,-100.3355267,20.58347361
MEX,-99.75248111,19.57817639
JAL,-104.718015,19.24299056
GTO,-100.856,20.60441694
VER,-97.96001083,21.09152861
OAX,-98.22080028,17.66930889
TLAX,-98.55665722,19.54075889
JAL,-103.2447097,20.53828583
JAL,-103.2205814,20.45460722
MOR,-99.09267917,19.01769639
ZAC,-103.0171061,23.50049806
HGO,-98.32216444,20.23841028
TAB,-93.356715,17.96761639
HGO,-98.475,21.06861111
MEX,-99.78486194,19.36943417
MEX,-99.80146528,19.60681333
TAB,-93.00201889,17.93315222
CHIH,-106.9077303,28.74963694
CAMP,-89.3352575,19.24213167
CHIS,-93.73818778,16.50672667
MEX,-99.48518667,19.70408833
HGO,-98.88783528,20.206295
CHIS,-93.03117944,17.42865556
CHIS,-93.86833056,16.39549556
SLP,-98.90346944,21.54114278
GTO,-100.6962303,20.51638139
SIN,-108.0153411,25.12229667
OAX,-96.58491139,16.95948861
AGS,-102.2645372,21.97849556
HGO,-98.85378278,21.09222667
MEX,-99.49396139,19.39851889
GTO,-100.6200583,21.12679694
PUE,-97.62489972,20.1041375
VER,-97.24978361,20.64376
TAB,-92.98707694,17.91862556
VER,-97.48841056,20.53059
JAL,-103.60696,20.29932306
VER,-97.73349111,21.07296972
GTO,-100.9055089,20.75379806
SON,-110.8915056,29.123075
JAL,-102.4739239,20.45440639
OAX,-96.78265417,17.16478306
CHIS,-91.68568806,17.33411611
VER,-95.29881611,18.14750083
CHIS,-92.77740694,15.89707306
YUC,-87.85147611,21.03533556
HGO,-98.40012444,20.97026778
OAX,-96.08055333,18.14227306
MEX,-99.46655278,19.02227833
MEX,-99.48002,19.28921722
PUE,-97.28676639,18.3821575
JAL,-102.4356703,21.53084417
ZAC,-102.8685239,22.09460972
MEX,-99.88497778,19.97090306
MEX,-98.79634194,19.6341325
DGO,-104.5846208,24.15923389
TAB,-93.47562722,17.69948417
NAY,-104.7656008,22.49713278
TLAX,-98.19836389,19.21635861
OAX,-97.75098222,17.77827444
VER,-97.22513222,18.81393833
BCS,-112.1106136,25.19290611
YUC,-89.521155,21.02675056
GRO,-99.75910333,18.0330175
NL,-100.1538008,25.79842472
MOR,-98.74327167,18.58004444
PUE,-98.37078889,18.64178667
PUE,-98.16791056,18.73830556
MEX,-98.84835333,19.31733556
VER,-97.01721139,18.93804583
OAX,-95.67586556,15.98763111
CHIS,-90.45092,16.12965667
QRO,-100.1138889,20.51888889
MICH,-100.6445667,19.714515
HGO,-98.73931306,20.07046667
HGO,-98.15986833,20.18817639
PUE,-98.51811639,18.72915417
GTO,-101.0365094,20.5552075
HGO,-99.66266861,20.41124333
MEX,-98.9342425,19.74720222
CHIS,-91.71906222,17.69013639
MICH,-101.1358822,19.77442361
HGO,-98.38841556,20.16738778
TLAX,-98.11949167,19.29817639
TAB,-93.21149889,18.30905083
VER,-96.23862722,19.14635583
GTO,-100.4799397,21.09891667
OAX,-96.46503306,15.82930778
MICH,-102.0761069,19.382635
YUC,-89.89952583,20.64897
VER,-95.89474611,18.23895972
MOR,-98.92784556,18.88798722
NL,-99.94186889,25.85882944
MICH,-101.1169819,19.73941417
OAX,-94.81668333,16.56870667
JAL,-103.3144478,20.40353694
SIN,-108.9796494,25.71701917
GTO,-101.8161442,21.01008
GRO,-98.66072778,17.74276167
PUE,-97.36090194,19.85628806
VER,-95.73482417,18.4569625
MICH,-102.5768503,20.06431028
MEX,-98.84709972,19.55678
MICH,-101.3454525,19.55020028
MEX,-99.54771528,18.7766875
PUE,-97.69351722,19.43798139
PUE,-98.39769139,18.9791625
TLAX,-98.3569175,19.23905167
SLP,-100.1258458,22.22857139
MEX,-99.75176944,19.50797472
VER,-97.20070056,19.60580667
PUE,-97.52399944,19.82850472
VER,-97.23234806,18.92583389
VER,-97.29546889,19.73173639
SLP,-100.9945114,21.83631472
CHIS,-92.39780583,17.45364694
MEX,-99.75188,19.68278667
MEX,-99.89596417,19.80330194
MEX,-99.54048278,18.99027056
SLP,-98.92388889,21.28694389
MEX,-99.81693833,19.38749389
GTO,-100.5674642,21.31780528
CHIS,-92.71142778,16.79969444
GRO,-98.39131417,16.76992
MICH,-100.4111278,19.67083611
CAMP,-90.04083583,20.39747639
VER,-97.68310417,21.37410306
DGO,-104.0123706,24.33360139
PUE,-98.54302028,18.92681972
JAL,-103.2510861,20.45118
CHIS,-92.83825583,16.08611194
MEX,-99.909345,19.74395944
PUE,-98.39943583,18.89973472
SLP,-101.7479956,23.0293625
NAY,-104.6213811,21.16944694
PUE,-98.44043333,19.19734278
MEX,-99.94518806,19.70646944
MEX,-99.28959028,19.484905
PUE,-98.71529139,18.76502028
TAB,-92.55743833,17.86899722
HGO,-98.41824,20.0537475
MICH,-102.4530125,19.33297389
MOR,-98.92518972,18.63909639
VER,-96.77125583,18.81462361
MEX,-99.25883944,19.69381056
TAB,-93.09514028,17.96610778
GTO,-101.0423786,20.19834722
CHIS,-92.06838833,16.39143167
BC,-115.9661136,30.62757
PUE,-97.73675611,20.45486583
SLP,-98.98965222,22.22002111
SLP,-98.65133722,22.28872111
DGO,-104.0470297,24.43091139
GRO,-99.58133111,18.55187389
TAM,-99.02777528,22.88645528
PUE,-97.973545,19.89389556
CHIH,-106.0053947,31.37206778
MEX,-99.64566556,20.09386861
PUE,-97.93181333,19.06210444
PUE,-98.12549083,20.27557972
CHIS,-91.98574889,15.7018675
OAX,-96.47167472,16.99482694
JAL,-103.2370539,20.43141972
NL,-100.1346164,25.74089611
MEX,-99.05045889,19.820085
VER,-96.07085833,19.06539389
CHIS,-92.53483806,16.97441444
YUC,-89.18725806,20.29630917
MEX,-99.77218278,19.49774389
MICH,-100.9451119,19.88114389
SLP,-99.01953528,21.62136194
CHIH,-105.0330556,27.0025
SIN,-108.5618983,25.79404167
VER,-97.22481667,18.76327944
PUE,-98.28328861,19.11361222
YUC,-87.92446111,20.82298833
BC,-115.8880706,30.41132
MEX,-98.84254583,19.01334861
CHIS,-92.18802583,14.7895475
HGO,-99.09438389,20.2245375
OAX,-98.14162056,17.86050556
ZAC,-103.1124233,23.32649472
TAM,-98.125845,22.51953389
GTO,-100.7923306,20.64248583
TLAX,-98.30116583,19.32682361
YUC,-89.179525,21.00693972
JAL,-101.9640033,21.84622306
MOR,-99.15437583,18.65608833
MEX,-98.70781,19.68795444
OAX,-96.7407475,16.88030611
VER,-95.24403056,18.42954694
QRO,-99.71756333,20.75060389
CHIS,-92.64310972,16.22511528
TAB,-93.16958278,17.96216167
CHIS,-91.90359917,15.92047083
QRO,-100.2044814,20.73041778
GRO,-99.80387861,16.98474639
OAX,-97.79193139,17.53052278
TAB,-93.35709889,18.07095167
GTO,-101.8707372,21.07920389
MEX,-99.34847,19.35517917
GTO,-100.5943222,20.97678194
TLAX,-98.19263444,19.20835944
OAX,-97.96393222,17.67461167
JAL,-103.2188806,20.56651722
SLP,-98.96750333,21.48308889
QRO,-99.9628,20.51464111
VER,-96.78254361,19.46722056
HGO,-98.76758167,20.06058
TLAX,-98.22223417,19.32699583
QROO,-87.32243611,20.40093528
PUE,-97.96760194,19.91105528
MEX,-99.81882833,20.08934472
TAB,-92.52615556,17.84305889
MEX,-100.0629883,19.79492889
PUE,-97.60243444,19.06898194
ZAC,-103.3414806,23.81552222
MEX,-99.90284389,19.86246556
HGO,-98.779985,21.12574306
OAX,-96.34684944,18.29567611
MICH,-101.5069939,19.076655
PUE,-97.63710528,19.40943722
MOR,-98.95398278,18.74161667
CHIH,-105.5395636,28.16593139
MEX,-98.87014222,19.524555
OAX,-96.00687056,17.91770889
MICH,-102.0730556,19.66583333
MICH,-100.4844672,19.48937944
OAX,-95.93644389,17.61885556
GRO,-99.36907917,17.644205
GTO,-100.85732,20.63721389
GTO,-101.5405853,20.35895167
MICH,-102.5495081,20.19440583
JAL,-102.0221731,21.68168083
VER,-97.26725889,19.75149944
YUC,-89.59928222,21.12072583
VER,-97.02788083,20.32779778
JAL,-103.8141989,21.68355639
QROO,-88.56989083,18.513475
QRO,-99.93418556,20.26954917
GRO,-99.56722222,18.31527778
SIN,-107.9310383,24.63577
GTO,-101.7457981,20.41239944
JAL,-103.1018333,20.32822639
TAB,-93.23299333,18.40242194
NL,-100.0585664,25.63865667
OAX,-98.25966889,16.31721278
CHIS,-92.186285,14.971295
JAL,-103.5350306,20.38784194
MEX,-98.81735889,19.501245
GTO,-101.5669625,20.49765444
OAX,-95.18134889,16.25681139
VER,-96.10911278,18.20043722
TLAX,-98.33380306,19.33147167
DGO,-103.5207181,25.63821972
MEX,-99.94861,19.56714917
HGO,-99.66612833,20.51664
VER,-97.08107083,18.50416056
MEX,-99.80999722,19.23570444
MEX,-99.96429,19.40822556
TAB,-93.00334111,18.13857528
CHIS,-92.6848525,15.82476028
CHIS,-92.45243833,16.82821806
PUE,-97.61916472,18.91776389
GTO,-101.5203922,20.56140333
GRO,-100.0622072,17.03627778
MOR,-99.28365944,18.83004361
PUE,-97.39134222,19.86722972
HGO,-99.34666028,20.09385861
MICH,-100.3434842,19.88733306
VER,-94.91626083,17.80929778
JAL,-104.3772222,20.57638889
CHIS,-93.35170528,16.59886694
TLAX,-98.29214556,19.25193944
MICH,-100.6852747,19.89667583
MEX,-99.98657806,19.60719361
MEX,-99.91184778,19.87561639
TAB,-93.18648167,18.24949194
MEX,-99.96341806,19.91018722
VER,-96.29588361,19.13122417
JAL,-102.6343597,20.28453361
VER,-96.87425611,20.02295139
MEX,-98.94063611,19.36513167
TLAX,-97.66626139,19.31812333
VER,-97.0362775,18.89281139
PUE,-98.37923917,18.99457444
DGO,-103.7897439,25.11362056
VER,-97.03766194,19.18820556
MICH,-101.1025,19.7625
GTO,-101.7075922,20.99945722
HGO,-99.342635,19.83388333
HGO,-98.22899056,20.2152775
MEX,-99.76397306,19.82060806
HGO,-99.54929083,20.23689778
PUE,-98.17421639,18.61514333
MICH,-102.7025572,20.03021278
TAM,-97.43224611,25.26350528
PUE,-97.54084361,19.08998389
MEX,-100.0150108,19.28078889
VER,-97.16434139,20.01405861
MICH,-101.5628164,19.4289675
CHIS,-92.71117083,15.88065139
GRO,-99.41486861,18.36095667
MEX,-98.78819917,19.70957333
MEX,-99.42276056,19.20192417
ZAC,-101.5915758,22.18332944
HGO,-98.03487917,20.4568375
JAL,-105.1587703,20.74944056
MEX,-99.4595625,19.40068833
OAX,-95.41203972,17.35230417
MEX,-99.60859972,19.55759889
DGO,-104.3967439,23.47353028
OAX,-98.10613,17.65595417
COAH,-103.3319744,25.56705694
SON,-110.1214414,27.38884222
MICH,-101.9019775,18.29293917
QRO,-100.0899242,20.38874083
GTO,-100.9006689,21.67384167
MEX,-100.1421014,19.30366944
MICH,-101.1492858,20.03300389
QRO,-99.97654611,20.66563083
CHIS,-92.14469056,15.63430583
VER,-94.61199417,18.00636111
CHIS,-92.598795,17.07288361
CHIS,-92.21586167,15.04563222
COAH,-103.3567919,25.59456056
TLAX,-98.09117139,19.37606222
MEX,-99.7267925,19.30461861
PUE,-97.6847375,20.10177778
JAL,-103.1834503,19.75152472
CHIS,-93.19478472,16.83419833
JAL,-103.756495,20.65058944
CHIS,-92.64064694,17.35770194
SLP,-100.8894439,22.23972194
MICH,-101.5836111,20.09972222
PUE,-97.66466194,18.74566083
GRO,-99.64055556,16.8425
MICH,-102.2365769,19.60960139
NAY,-105.353725,20.95620306
MOR,-98.886945,18.95215889
HGO,-98.81777778,20.14416667
SIN,-109.0263794,26.33603056
QRO,-100.4367239,20.86713361
VER,-94.97055083,18.1967125
GRO,-99.64379222,18.54648944
MEX,-99.44499889,19.1753175
TAM,-98.34783556,26.14660861
TAB,-93.74156,18.15364944
TLAX,-97.78560556,19.35395389
PUE,-97.58651417,18.89307944
HGO,-99.39409639,19.96706611
NAY,-105.3894886,21.993005
MEX,-99.44549389,19.19775
CHIS,-92.30774278,17.02505083
CHIS,-92.47563611,17.11895306
PUE,-97.82840806,18.94547444
MEX,-99.84692611,19.98911278
MEX,-99.4810075,19.39363194
MICH,-101.0834025,19.73882583
PUE,-97.89788278,20.19422722
VER,-97.77300333,20.89727083
HGO,-99.05177694,20.37096667
VER,-95.26200222,18.44611
GTO,-101.4732714,21.07294278
